Entity,Year,World Development Indicators – Depth of the food deficit
Afghanistan,1992,202
Afghanistan,1993,249
Afghanistan,1994,279
Afghanistan,1995,312
Afghanistan,1996,329
Afghanistan,1997,329
Afghanistan,1998,322
Afghanistan,1999,312
Afghanistan,2000,309
Afghanistan,2001,318
Afghanistan,2002,326
Afghanistan,2003,321
Afghanistan,2004,292
Afghanistan,2005,256
Afghanistan,2006,224
Afghanistan,2007,201
Afghanistan,2008,184
Afghanistan,2009,168
Afghanistan,2010,158
Afghanistan,2011,151
Afghanistan,2012,149
Afghanistan,2013,151
Afghanistan,2014,158
Afghanistan,2015,166
Algeria,1992,48
Algeria,1993,47
Algeria,1994,45
Algeria,1995,46
Algeria,1996,50
Algeria,1997,55
Algeria,1998,60
Algeria,1999,62
Algeria,2000,62
Algeria,2001,60
Algeria,2002,58
Algeria,2003,56
Algeria,2004,53
Algeria,2005,51
Algeria,2006,50
Algeria,2007,48
Algeria,2008,46
Algeria,2009,43
Algeria,2010,40
Algeria,2011,36
Algeria,2012,31
Algeria,2013,26
Algeria,2014,23
Algeria,2015,21
Angola,1992,499
Angola,1993,509
Angola,1994,510
Angola,1995,509
Angola,1996,485
Angola,1997,457
Angola,1998,431
Angola,1999,412
Angola,2000,394
Angola,2001,375
Angola,2002,354
Angola,2003,326
Angola,2004,293
Angola,2005,259
Angola,2006,232
Angola,2007,209
Angola,2008,189
Angola,2009,168
Angola,2010,149
Angola,2011,132
Angola,2012,120
Angola,2013,111
Angola,2014,104
Angola,2015,96
Argentina,1992,15
Argentina,1993,12
Argentina,1994,11
Argentina,1995,9
Argentina,1996,8
Argentina,1997,8
Argentina,1998,8
Argentina,1999,8
Argentina,2000,7
Argentina,2001,6
Argentina,2002,7
Argentina,2003,9
Argentina,2004,12
Argentina,2005,14
Argentina,2006,14
Argentina,2007,12
Argentina,2008,11
Argentina,2009,10
Argentina,2010,10
Argentina,2011,10
Argentina,2012,10
Argentina,2013,8
Argentina,2014,6
Argentina,2015,3
Armenia,1992,177
Armenia,1993,184
Armenia,1994,186
Armenia,1995,190
Armenia,1996,156
Armenia,1997,134
Armenia,1998,116
Armenia,1999,120
Armenia,2000,133
Armenia,2001,153
Armenia,2002,166
Armenia,2003,162
Armenia,2004,139
Armenia,2005,105
Armenia,2006,77
Armenia,2007,58
Armenia,2008,47
Armenia,2009,43
Armenia,2010,43
Armenia,2011,46
Armenia,2012,48
Armenia,2013,49
Armenia,2014,48
Armenia,2015,45
Arab World,1992,71.51905119
Arab World,1993,73.88660196
Arab World,1994,75.24470538
Arab World,1995,77.36336764
Arab World,1996,76.69271989
Arab World,1997,76.44189649
Arab World,1998,77.11513129
Arab World,1999,77.0641891
Arab World,2000,76.16135521
Arab World,2001,74.28750329
Arab World,2002,72.37758301
Arab World,2003,72.1968277
Arab World,2004,73.29111035
Arab World,2005,75.04525722
Arab World,2006,76.52434542
Arab World,2007,77.42040052
Arab World,2008,76.83315774
Arab World,2009,76.17715418
Arab World,2010,74.37956685
Arab World,2011,72.64299464
Arab World,2012,55.75731392
Arab World,2013,53.80287779
Arab World,2014,52.80652525
Arab World,2015,52.38016107
Azerbaijan,1992,163
Azerbaijan,1993,164
Azerbaijan,1994,160
Azerbaijan,1995,161
Azerbaijan,1996,175
Azerbaijan,1997,190
Azerbaijan,1998,195
Azerbaijan,1999,202
Azerbaijan,2000,187
Azerbaijan,2001,158
Azerbaijan,2002,118
Azerbaijan,2003,88
Azerbaijan,2004,64
Azerbaijan,2005,46
Azerbaijan,2006,33
Azerbaijan,2007,26
Azerbaijan,2008,24
Azerbaijan,2009,23
Azerbaijan,2010,23
Azerbaijan,2011,21
Azerbaijan,2012,18
Azerbaijan,2013,16
Azerbaijan,2014,15
Azerbaijan,2015,13
Bangladesh,1992,247
Bangladesh,1993,252
Bangladesh,1994,264
Bangladesh,1995,277
Bangladesh,1996,279
Bangladesh,1997,270
Bangladesh,1998,251
Bangladesh,1999,222
Bangladesh,2000,189
Bangladesh,2001,158
Bangladesh,2002,139
Bangladesh,2003,129
Bangladesh,2004,124
Bangladesh,2005,118
Bangladesh,2006,116
Bangladesh,2007,114
Bangladesh,2008,115
Bangladesh,2009,117
Bangladesh,2010,119
Bangladesh,2011,120
Bangladesh,2012,121
Bangladesh,2013,122
Bangladesh,2014,122
Bangladesh,2015,120
Barbados,1992,16
Barbados,1993,19
Barbados,1994,21
Barbados,1995,25
Barbados,1996,27
Barbados,1997,28
Barbados,1998,28
Barbados,1999,27
Barbados,2000,30
Barbados,2001,32
Barbados,2002,37
Barbados,2003,38
Barbados,2004,43
Barbados,2005,45
Barbados,2006,49
Barbados,2007,49
Barbados,2008,45
Barbados,2009,38
Barbados,2010,32
Barbados,2011,27
Barbados,2012,24
Barbados,2013,24
Barbados,2014,24
Barbados,2015,23
Belize,1992,58
Belize,1993,51
Belize,1994,44
Belize,1995,39
Belize,1996,39
Belize,1997,40
Belize,1998,42
Belize,1999,43
Belize,2000,42
Belize,2001,39
Belize,2002,35
Belize,2003,32
Belize,2004,30
Belize,2005,29
Belize,2006,29
Belize,2007,30
Belize,2008,32
Belize,2009,34
Belize,2010,36
Belize,2011,36
Belize,2012,36
Belize,2013,38
Belize,2014,40
Belize,2015,41
Benin,1992,190
Benin,1993,187
Benin,1994,193
Benin,1995,191
Benin,1996,186
Benin,1997,177
Benin,1998,170
Benin,1999,167
Benin,2000,164
Benin,2001,159
Benin,2002,147
Benin,2003,135
Benin,2004,121
Benin,2005,112
Benin,2006,103
Benin,2007,97
Benin,2008,90
Benin,2009,83
Benin,2010,80
Benin,2011,78
Benin,2012,77
Benin,2013,69
Benin,2014,60
Benin,2015,52
Bolivia,1992,261
Bolivia,1993,245
Bolivia,1994,249
Bolivia,1995,243
Bolivia,1996,240
Bolivia,1997,228
Bolivia,1998,232
Bolivia,1999,239
Bolivia,2000,247
Bolivia,2001,235
Bolivia,2002,221
Bolivia,2003,208
Bolivia,2004,207
Bolivia,2005,209
Bolivia,2006,210
Bolivia,2007,201
Bolivia,2008,193
Bolivia,2009,189
Bolivia,2010,190
Bolivia,2011,182
Bolivia,2012,164
Bolivia,2013,140
Bolivia,2014,120
Bolivia,2015,109
Botswana,1992,168
Botswana,1993,182
Botswana,1994,198
Botswana,1995,213
Botswana,1996,211
Botswana,1997,210
Botswana,1998,214
Botswana,1999,232
Botswana,2000,253
Botswana,2001,262
Botswana,2002,266
Botswana,2003,263
Botswana,2004,262
Botswana,2005,253
Botswana,2006,245
Botswana,2007,240
Botswana,2008,243
Botswana,2009,244
Botswana,2010,239
Botswana,2011,227
Botswana,2012,214
Botswana,2013,200
Botswana,2014,191
Botswana,2015,183
Brazil,1992,110
Brazil,1993,106
Brazil,1994,107
Brazil,1995,105
Brazil,1996,103
Brazil,1997,102
Brazil,1998,100
Brazil,1999,99
Brazil,2000,97
Brazil,2001,92
Brazil,2002,83
Brazil,2003,70
Brazil,2004,56
Brazil,2005,42
Brazil,2006,33
Brazil,2007,27
Brazil,2008,22
Brazil,2009,19
Brazil,2010,17
Brazil,2011,15
Brazil,2012,13
Brazil,2013,12
Brazil,2014,11
Brazil,2015,11
Brunei,1992,21
Brunei,1993,22
Brunei,1994,19
Brunei,1995,18
Brunei,1996,16
Brunei,1997,16
Brunei,1998,16
Brunei,1999,18
Brunei,2000,19
Brunei,2001,20
Brunei,2002,20
Brunei,2003,17
Brunei,2004,15
Brunei,2005,12
Brunei,2006,12
Brunei,2007,12
Brunei,2008,14
Brunei,2009,16
Brunei,2010,18
Brunei,2011,20
Brunei,2012,19
Brunei,2013,17
Brunei,2014,15
Brunei,2015,13
Burkina Faso,1992,177
Burkina Faso,1993,166
Burkina Faso,1994,156
Burkina Faso,1995,147
Burkina Faso,1996,141
Burkina Faso,1997,140
Burkina Faso,1998,149
Burkina Faso,1999,163
Burkina Faso,2000,180
Burkina Faso,2001,194
Burkina Faso,2002,205
Burkina Faso,2003,217
Burkina Faso,2004,219
Burkina Faso,2005,217
Burkina Faso,2006,210
Burkina Faso,2007,206
Burkina Faso,2008,201
Burkina Faso,2009,196
Burkina Faso,2010,188
Burkina Faso,2011,181
Burkina Faso,2012,174
Burkina Faso,2013,170
Burkina Faso,2014,167
Burkina Faso,2015,167
Cambodia,1992,205
Cambodia,1993,187
Cambodia,1994,183
Cambodia,1995,178
Cambodia,1996,187
Cambodia,1997,209
Cambodia,1998,237
Cambodia,1999,252
Cambodia,2000,243
Cambodia,2001,221
Cambodia,2002,196
Cambodia,2003,178
Cambodia,2004,163
Cambodia,2005,153
Cambodia,2006,144
Cambodia,2007,135
Cambodia,2008,127
Cambodia,2009,121
Cambodia,2010,119
Cambodia,2011,118
Cambodia,2012,117
Cambodia,2013,114
Cambodia,2014,108
Cambodia,2015,102
Cameroon,1992,260
Cameroon,1993,258
Cameroon,1994,252
Cameroon,1995,259
Cameroon,1996,264
Cameroon,1997,264
Cameroon,1998,257
Cameroon,1999,245
Cameroon,2000,233
Cameroon,2001,220
Cameroon,2002,209
Cameroon,2003,195
Cameroon,2004,181
Cameroon,2005,166
Cameroon,2006,152
Cameroon,2007,137
Cameroon,2008,122
Cameroon,2009,109
Cameroon,2010,96
Cameroon,2011,85
Cameroon,2012,76
Cameroon,2013,68
Cameroon,2014,66
Cameroon,2015,64
Cape Verde,1992,100
Cape Verde,1993,98
Cape Verde,1994,83
Cape Verde,1995,84
Cape Verde,1996,93
Cape Verde,1997,109
Cape Verde,1998,118
Cape Verde,1999,123
Cape Verde,2000,123
Cape Verde,2001,124
Cape Verde,2002,129
Cape Verde,2003,131
Cape Verde,2004,130
Cape Verde,2005,121
Cape Verde,2006,110
Cape Verde,2007,99
Cape Verde,2008,94
Cape Verde,2009,91
Cape Verde,2010,91
Cape Verde,2011,90
Cape Verde,2012,87
Cape Verde,2013,82
Cape Verde,2014,77
Cape Verde,2015,72
Central African Republic,1992,356
Central African Republic,1993,360
Central African Republic,1994,368
Central African Republic,1995,376
Central African Republic,1996,381
Central African Republic,1997,380
Central African Republic,1998,368
Central African Republic,1999,356
Central African Republic,2000,340
Central African Republic,2001,331
Central African Republic,2002,319
Central African Republic,2003,316
Central African Republic,2004,314
Central African Republic,2005,316
Central African Republic,2006,313
Central African Republic,2007,305
Central African Republic,2008,292
Central African Republic,2009,277
Central African Republic,2010,263
Central African Republic,2011,253
Central African Republic,2012,251
Central African Republic,2013,265
Central African Republic,2014,302
Central African Republic,2015,349
Caribbean small states,1992,88.34599586
Caribbean small states,1993,88.59897544
Caribbean small states,1994,86.90326848
Caribbean small states,1995,84.05882729
Caribbean small states,1996,81.08625145
Caribbean small states,1997,78.67116835
Caribbean small states,1998,76.33945985
Caribbean small states,1999,74.83256691
Caribbean small states,2000,72.16446866
Caribbean small states,2001,68.48912628
Caribbean small states,2002,64.12803181
Caribbean small states,2003,61.19581227
Caribbean small states,2004,60.46307182
Caribbean small states,2005,61.0073175
Caribbean small states,2006,61.64069489
Caribbean small states,2007,61.84890573
Caribbean small states,2008,61.70501966
Caribbean small states,2009,61.33449169
Caribbean small states,2010,62.38464614
Caribbean small states,2011,62.20289948
Caribbean small states,2012,61.59607137
Caribbean small states,2013,61.00840465
Caribbean small states,2014,60.991227
Caribbean small states,2015,59.53999632
China,1992,188
China,1993,193
China,1994,185
China,1995,172
China,1996,157
China,1997,145
China,1998,138
China,1999,133
China,2000,131
China,2001,130
China,2002,129
China,2003,129
China,2004,129
China,2005,129
China,2006,128
China,2007,126
China,2008,121
China,2009,116
China,2010,108
China,2011,101
China,2012,94
China,2013,88
China,2014,83
China,2015,78
Chile,1992,60
Chile,1993,53
Chile,1994,47
Chile,1995,41
Chile,1996,38
Chile,1997,36
Chile,1998,35
Chile,1999,34
Chile,2000,34
Chile,2001,33
Chile,2002,31
Chile,2003,30
Chile,2004,28
Chile,2005,28
Chile,2006,27
Chile,2007,27
Chile,2008,26
Chile,2009,27
Chile,2010,27
Chile,2011,28
Chile,2012,26
Chile,2013,25
Chile,2014,23
Chile,2015,22
Chad,1992,470
Chad,1993,442
Chad,1994,434
Chad,1995,420
Chad,1996,393
Chad,1997,387
Chad,1998,361
Chad,1999,336
Chad,2000,302
Chad,2001,289
Chad,2002,289
Chad,2003,292
Chad,2004,294
Chad,2005,292
Chad,2006,294
Chad,2007,297
Chad,2008,305
Chad,2009,313
Chad,2010,317
Chad,2011,317
Chad,2012,309
Chad,2013,301
Chad,2014,288
Chad,2015,276
Costa Rica,1992,33
Costa Rica,1993,34
Costa Rica,1994,34
Costa Rica,1995,34
Costa Rica,1996,35
Costa Rica,1997,36
Costa Rica,1998,38
Costa Rica,1999,38
Costa Rica,2000,36
Costa Rica,2001,34
Costa Rica,2002,34
Costa Rica,2003,36
Costa Rica,2004,39
Costa Rica,2005,41
Costa Rica,2006,41
Costa Rica,2007,38
Costa Rica,2008,36
Costa Rica,2009,35
Costa Rica,2010,36
Costa Rica,2011,37
Costa Rica,2012,37
Costa Rica,2013,38
Costa Rica,2014,40
Costa Rica,2015,39
Congo,1992,322
Congo,1993,323
Congo,1994,327
Congo,1995,334
Congo,1996,341
Congo,1997,345
Congo,1998,341
Congo,1999,325
Congo,2000,296
Congo,2001,261
Congo,2002,228
Congo,2003,205
Congo,2004,193
Congo,2005,200
Congo,2006,213
Congo,2007,233
Congo,2008,236
Congo,2009,234
Congo,2010,226
Congo,2011,217
Congo,2012,204
Congo,2013,190
Congo,2014,188
Congo,2015,196
Colombia,1992,101
Colombia,1993,95
Colombia,1994,88
Colombia,1995,79
Colombia,1996,73
Colombia,1997,69
Colombia,1998,68
Colombia,1999,69
Colombia,2000,70
Colombia,2001,68
Colombia,2002,66
Colombia,2003,62
Colombia,2004,61
Colombia,2005,61
Colombia,2006,65
Colombia,2007,67
Colombia,2008,65
Colombia,2009,64
Colombia,2010,67
Colombia,2011,75
Colombia,2012,79
Colombia,2013,78
Colombia,2014,73
Colombia,2015,67
Cote d'Ivoire,1992,66
Cote d'Ivoire,1993,67
Cote d'Ivoire,1994,70
Cote d'Ivoire,1995,74
Cote d'Ivoire,1996,73
Cote d'Ivoire,1997,73
Cote d'Ivoire,1998,74
Cote d'Ivoire,1999,81
Cote d'Ivoire,2000,91
Cote d'Ivoire,2001,102
Cote d'Ivoire,2002,113
Cote d'Ivoire,2003,118
Cote d'Ivoire,2004,116
Cote d'Ivoire,2005,109
Cote d'Ivoire,2006,103
Cote d'Ivoire,2007,98
Cote d'Ivoire,2008,97
Cote d'Ivoire,2009,99
Cote d'Ivoire,2010,102
Cote d'Ivoire,2011,103
Cote d'Ivoire,2012,102
Cote d'Ivoire,2013,99
Cote d'Ivoire,2014,96
Cote d'Ivoire,2015,94
Djibouti,1992,669
Djibouti,1993,695
Djibouti,1994,685
Djibouti,1995,666
Djibouti,1996,632
Djibouti,1997,593
Djibouti,1998,559
Djibouti,1999,519
Djibouti,2000,473
Djibouti,2001,434
Djibouti,2002,400
Djibouti,2003,380
Djibouti,2004,357
Djibouti,2005,331
Djibouti,2006,299
Djibouti,2007,262
Djibouti,2008,230
Djibouti,2009,203
Djibouti,2010,188
Djibouti,2011,178
Djibouti,2012,169
Djibouti,2013,156
Djibouti,2014,143
Djibouti,2015,130
Cuba,1992,39
Cuba,1993,63
Cuba,1994,94
Cuba,1995,133
Cuba,1996,152
Cuba,1997,147
Cuba,1998,122
Cuba,1999,90
Cuba,2000,61
Cuba,2001,39
Cuba,2002,27
Cuba,2003,19
Cuba,2004,15
Cuba,2005,12
Cuba,2006,10
Cuba,2007,11
Cuba,2008,12
Cuba,2009,14
Cuba,2010,15
Cuba,2011,15
Cuba,2012,15
Cuba,2013,12
Cuba,2014,10
Cuba,2015,8
Dominican Republic,1992,247
Dominican Republic,1993,230
Dominican Republic,1994,219
Dominican Republic,1995,199
Dominican Republic,1996,190
Dominican Republic,1997,194
Dominican Republic,1998,212
Dominican Republic,1999,228
Dominican Republic,2000,232
Dominican Republic,2001,222
Dominican Republic,2002,204
Dominican Republic,2003,198
Dominican Republic,2004,200
Dominican Republic,2005,206
Dominican Republic,2006,195
Dominican Republic,2007,174
Dominican Republic,2008,155
Dominican Republic,2009,146
Dominican Republic,2010,141
Dominican Republic,2011,129
Dominican Republic,2012,112
Dominican Republic,2013,98
Dominican Republic,2014,91
Dominican Republic,2015,88
East Asia & Pacific,1992,192.7196074
East Asia & Pacific,1993,195.0032779
East Asia & Pacific,1994,187.3331973
East Asia & Pacific,1995,175.4311377
East Asia & Pacific,1996,162.129097
East Asia & Pacific,1997,151.765075
East Asia & Pacific,1998,145.7651491
East Asia & Pacific,1999,142.188695
East Asia & Pacific,2000,140.1762847
East Asia & Pacific,2001,138.8814673
East Asia & Pacific,2002,136.9118703
East Asia & Pacific,2003,135.5673892
East Asia & Pacific,2004,133.5616585
East Asia & Pacific,2005,131.6873974
East Asia & Pacific,2006,129.3379169
East Asia & Pacific,2007,126.4144648
East Asia & Pacific,2008,121.448911
East Asia & Pacific,2009,115.926442
East Asia & Pacific,2010,107.3548046
East Asia & Pacific,2011,99.47048269
East Asia & Pacific,2012,91.95211202
East Asia & Pacific,2013,85.94725188
East Asia & Pacific,2014,81.60743721
East Asia & Pacific,2015,77.1242686
Early-demographic dividend,1992,165.6808311
Early-demographic dividend,1993,160.8881094
Early-demographic dividend,1994,160.3002103
Early-demographic dividend,1995,158.2702643
Early-demographic dividend,1996,154.9349687
Early-demographic dividend,1997,148.9777815
Early-demographic dividend,1998,143.0828798
Early-demographic dividend,1999,137.9099065
Early-demographic dividend,2000,133.2511428
Early-demographic dividend,2001,129.7640442
Early-demographic dividend,2002,129.3471473
Early-demographic dividend,2003,132.3905189
Early-demographic dividend,2004,135.9428985
Early-demographic dividend,2005,137.7184876
Early-demographic dividend,2006,136.7653491
Early-demographic dividend,2007,131.2463268
Early-demographic dividend,2008,123.3980244
Early-demographic dividend,2009,115.4353669
Early-demographic dividend,2010,108.9991217
Early-demographic dividend,2011,104.2984207
Early-demographic dividend,2012,100.9803819
Early-demographic dividend,2013,98.55203182
Early-demographic dividend,2014,97.17132961
Early-demographic dividend,2015,96.08588522
Ecuador,1992,122
Ecuador,1993,122
Ecuador,1994,106
Ecuador,1995,98
Ecuador,1996,92
Ecuador,1997,95
Ecuador,1998,100
Ecuador,1999,105
Ecuador,2000,110
Ecuador,2001,114
Ecuador,2002,121
Ecuador,2003,126
Ecuador,2004,130
Ecuador,2005,131
Ecuador,2006,128
Ecuador,2007,125
Ecuador,2008,118
Ecuador,2009,113
Ecuador,2010,104
Ecuador,2011,94
Ecuador,2012,83
Ecuador,2013,76
Ecuador,2014,73
Ecuador,2015,72
East Asia & Pacific (excluding high income),1992,199.5331217
East Asia & Pacific (excluding high income),1993,201.9223099
East Asia & Pacific (excluding high income),1994,193.9649389
East Asia & Pacific (excluding high income),1995,181.6237167
East Asia & Pacific (excluding high income),1996,167.8254408
East Asia & Pacific (excluding high income),1997,157.0837017
East Asia & Pacific (excluding high income),1998,150.8213848
East Asia & Pacific (excluding high income),1999,147.090695
East Asia & Pacific (excluding high income),2000,144.9666197
East Asia & Pacific (excluding high income),2001,143.5875659
East Asia & Pacific (excluding high income),2002,141.4904873
East Asia & Pacific (excluding high income),2003,140.004422
East Asia & Pacific (excluding high income),2004,137.8794803
East Asia & Pacific (excluding high income),2005,135.8998298
East Asia & Pacific (excluding high income),2006,133.4139495
East Asia & Pacific (excluding high income),2007,130.3463551
East Asia & Pacific (excluding high income),2008,125.1572034
East Asia & Pacific (excluding high income),2009,119.4071176
East Asia & Pacific (excluding high income),2010,110.5212865
East Asia & Pacific (excluding high income),2011,102.3778409
East Asia & Pacific (excluding high income),2012,94.63481689
East Asia & Pacific (excluding high income),2013,88.44875393
East Asia & Pacific (excluding high income),2014,83.54035028
East Asia & Pacific (excluding high income),2015,78.96352702
East Asia & Pacific (IDA & IBRD countries),1992,199.8733641
East Asia & Pacific (IDA & IBRD countries),1993,202.1527199
East Asia & Pacific (IDA & IBRD countries),1994,193.8872115
East Asia & Pacific (IDA & IBRD countries),1995,181.1935445
East Asia & Pacific (IDA & IBRD countries),1996,166.8957702
East Asia & Pacific (IDA & IBRD countries),1997,155.6703961
East Asia & Pacific (IDA & IBRD countries),1998,149.074349
East Asia & Pacific (IDA & IBRD countries),1999,145.2096195
East Asia & Pacific (IDA & IBRD countries),2000,143.0606944
East Asia & Pacific (IDA & IBRD countries),2001,141.6267556
East Asia & Pacific (IDA & IBRD countries),2002,139.5158171
East Asia & Pacific (IDA & IBRD countries),2003,138.0616635
East Asia & Pacific (IDA & IBRD countries),2004,136.0887067
East Asia & Pacific (IDA & IBRD countries),2005,134.1998762
East Asia & Pacific (IDA & IBRD countries),2006,131.7095542
East Asia & Pacific (IDA & IBRD countries),2007,128.439396
East Asia & Pacific (IDA & IBRD countries),2008,122.9582324
East Asia & Pacific (IDA & IBRD countries),2009,116.8847635
East Asia & Pacific (IDA & IBRD countries),2010,107.7001569
East Asia & Pacific (IDA & IBRD countries),2011,99.35700019
East Asia & Pacific (IDA & IBRD countries),2012,91.48347184
East Asia & Pacific (IDA & IBRD countries),2013,85.22509084
East Asia & Pacific (IDA & IBRD countries),2014,80.26114242
East Asia & Pacific (IDA & IBRD countries),2015,75.6333267
Egypt,1992,26
Egypt,1993,26
Egypt,1994,26
Egypt,1995,25
Egypt,1996,23
Egypt,1997,21
Egypt,1998,20
Egypt,1999,19
Egypt,2000,19
Egypt,2001,19
Egypt,2002,18
Egypt,2003,19
Egypt,2004,21
Egypt,2005,23
Egypt,2006,25
Egypt,2007,26
Egypt,2008,26
Egypt,2009,25
Egypt,2010,22
Egypt,2011,17
Egypt,2012,13
Egypt,2013,12
Egypt,2014,12
Egypt,2015,12
Ethiopia,1992,644
Ethiopia,1993,673
Ethiopia,1994,640
Ethiopia,1995,631
Ethiopia,1996,607
Ethiopia,1997,580
Ethiopia,1998,543
Ethiopia,1999,515
Ethiopia,2000,488
Ethiopia,2001,457
Ethiopia,2002,424
Ethiopia,2003,395
Ethiopia,2004,375
Ethiopia,2005,357
Ethiopia,2006,341
Ethiopia,2007,324
Ethiopia,2008,314
Ethiopia,2009,304
Ethiopia,2010,291
Ethiopia,2011,276
Ethiopia,2012,264
Ethiopia,2013,256
Ethiopia,2014,250
Ethiopia,2015,244
El Salvador,1992,103
El Salvador,1993,96
El Salvador,1994,98
El Salvador,1995,98
El Salvador,1996,100
El Salvador,1997,99
El Salvador,1998,96
El Salvador,1999,94
El Salvador,2000,88
El Salvador,2001,79
El Salvador,2002,67
El Salvador,2003,59
El Salvador,2004,56
El Salvador,2005,60
El Salvador,2006,66
El Salvador,2007,70
El Salvador,2008,73
El Salvador,2009,75
El Salvador,2010,77
El Salvador,2011,81
El Salvador,2012,86
El Salvador,2013,88
El Salvador,2014,88
El Salvador,2015,86
Gabon,1992,70
Gabon,1993,57
Gabon,1994,61
Gabon,1995,58
Gabon,1996,57
Gabon,1997,51
Gabon,1998,44
Gabon,1999,39
Gabon,2000,32
Gabon,2001,28
Gabon,2002,25
Gabon,2003,26
Gabon,2004,28
Gabon,2005,28
Gabon,2006,27
Gabon,2007,26
Gabon,2008,26
Gabon,2009,26
Gabon,2010,27
Gabon,2011,26
Gabon,2012,24
Gabon,2013,22
Gabon,2014,20
Gabon,2015,19
Fiji,1992,42
Fiji,1993,39
Fiji,1994,37
Fiji,1995,34
Fiji,1996,34
Fiji,1997,35
Fiji,1998,34
Fiji,1999,32
Fiji,2000,32
Fiji,2001,32
Fiji,2002,31
Fiji,2003,30
Fiji,2004,30
Fiji,2005,29
Fiji,2006,29
Fiji,2007,29
Fiji,2008,28
Fiji,2009,29
Fiji,2010,30
Fiji,2011,30
Fiji,2012,31
Fiji,2013,30
Fiji,2014,30
Fiji,2015,30
Fragile and conflict affected situations,1992,283.1311319
Fragile and conflict affected situations,1993,288.6359724
Fragile and conflict affected situations,1994,291.29402
Fragile and conflict affected situations,1995,293.5118911
Fragile and conflict affected situations,1996,292.4623366
Fragile and conflict affected situations,1997,287.9121587
Fragile and conflict affected situations,1998,282.206994
Fragile and conflict affected situations,1999,276.7582811
Fragile and conflict affected situations,2000,271.5319376
Fragile and conflict affected situations,2001,266.9206281
Fragile and conflict affected situations,2002,261.0838723
Fragile and conflict affected situations,2003,255.1606679
Fragile and conflict affected situations,2004,247.9990464
Fragile and conflict affected situations,2005,240.1212901
Fragile and conflict affected situations,2006,230.8169506
Fragile and conflict affected situations,2007,220.5530561
Fragile and conflict affected situations,2008,208.8893132
Fragile and conflict affected situations,2009,198.7707306
Fragile and conflict affected situations,2010,189.5116905
Fragile and conflict affected situations,2011,182.7604939
Ghana,1992,352
Ghana,1993,264
Ghana,1994,239
Ghana,1995,188
Ghana,1996,166
Ghana,1997,152
Ghana,1998,145
Ghana,1999,139
Ghana,2000,129
Ghana,2001,118
Ghana,2002,106
Ghana,2003,97
Ghana,2004,90
Ghana,2005,83
Ghana,2006,76
Ghana,2007,69
Ghana,2008,61
Ghana,2009,54
Ghana,2010,47
Ghana,2011,42
Ghana,2012,36
Ghana,2013,31
Ghana,2014,25
Ghana,2015,22
Gambia,1992,86
Gambia,1993,87
Gambia,1994,95
Gambia,1995,104
Gambia,1996,114
Gambia,1997,116
Gambia,1998,117
Gambia,1999,112
Gambia,2000,104
Gambia,2001,91
Gambia,2002,83
Gambia,2003,84
Gambia,2004,89
Gambia,2005,94
Gambia,2006,97
Gambia,2007,97
Gambia,2008,94
Gambia,2009,84
Gambia,2010,71
Gambia,2011,55
Gambia,2012,44
Gambia,2013,37
Gambia,2014,34
Gambia,2015,33
Georgia,1992,463
Georgia,1993,744
Georgia,1994,586
Georgia,1995,566
Georgia,1996,376
Georgia,1997,225
Georgia,1998,119
Georgia,1999,80
Georgia,2000,93
Georgia,2001,112
Georgia,2002,127
Georgia,2003,107
Georgia,2004,81
Georgia,2005,59
Georgia,2006,48
Georgia,2007,46
Georgia,2008,48
Georgia,2009,51
Georgia,2010,58
Georgia,2011,68
Georgia,2012,77
Georgia,2013,76
Georgia,2014,68
Georgia,2015,60
Guinea-Bissau,1992,156
Guinea-Bissau,1993,147
Guinea-Bissau,1994,144
Guinea-Bissau,1995,141
Guinea-Bissau,1996,143
Guinea-Bissau,1997,153
Guinea-Bissau,1998,172
Guinea-Bissau,1999,194
Guinea-Bissau,2000,203
Guinea-Bissau,2001,198
Guinea-Bissau,2002,184
Guinea-Bissau,2003,176
Guinea-Bissau,2004,173
Guinea-Bissau,2005,174
Guinea-Bissau,2006,176
Guinea-Bissau,2007,179
Guinea-Bissau,2008,179
Guinea-Bissau,2009,175
Guinea-Bissau,2010,165
Guinea-Bissau,2011,159
Guinea-Bissau,2012,155
Guinea-Bissau,2013,155
Guinea-Bissau,2014,157
Guinea-Bissau,2015,152
Guinea,1992,165
Guinea,1993,161
Guinea,1994,161
Guinea,1995,164
Guinea,1996,170
Guinea,1997,180
Guinea,1998,192
Guinea,1999,203
Guinea,2000,203
Guinea,2001,196
Guinea,2002,187
Guinea,2003,183
Guinea,2004,179
Guinea,2005,173
Guinea,2006,164
Guinea,2007,156
Guinea,2008,147
Guinea,2009,140
Guinea,2010,133
Guinea,2011,129
Guinea,2012,125
Guinea,2013,122
Guinea,2014,120
Guinea,2015,118
Guatemala,1992,89
Guatemala,1993,92
Guatemala,1994,92
Guatemala,1995,91
Guatemala,1996,93
Guatemala,1997,104
Guatemala,1998,119
Guatemala,1999,135
Guatemala,2000,138
Guatemala,2001,137
Guatemala,2002,125
Guatemala,2003,115
Guatemala,2004,104
Guatemala,2005,101
Guatemala,2006,101
Guatemala,2007,100
Guatemala,2008,98
Guatemala,2009,95
Guatemala,2010,96
Guatemala,2011,94
Guatemala,2012,95
Guatemala,2013,95
Guatemala,2014,99
Guatemala,2015,101
Haiti,1992,519
Haiti,1993,525
Haiti,1994,543
Haiti,1995,561
Haiti,1996,575
Haiti,1997,575
Haiti,1998,569
Haiti,1999,561
Haiti,2000,549
Haiti,2001,544
Haiti,2002,545
Haiti,2003,560
Haiti,2004,573
Haiti,2005,585
Haiti,2006,586
Haiti,2007,581
Haiti,2008,566
Haiti,2009,549
Haiti,2010,524
Haiti,2011,503
Haiti,2012,489
Haiti,2013,490
Haiti,2014,510
Haiti,2015,530
Guyana,1992,166
Guyana,1993,160
Guyana,1994,148
Guyana,1995,132
Guyana,1996,116
Guyana,1997,102
Guyana,1998,92
Guyana,1999,84
Guyana,2000,77
Guyana,2001,70
Guyana,2002,65
Guyana,2003,63
Guyana,2004,63
Guyana,2005,64
Guyana,2006,67
Guyana,2007,69
Guyana,2008,72
Guyana,2009,75
Guyana,2010,78
Guyana,2011,79
Guyana,2012,79
Guyana,2013,79
Guyana,2014,79
Guyana,2015,77
Heavily indebted poor countries (HIPC),1992,307.9689786
Heavily indebted poor countries (HIPC),1993,311.1695282
Heavily indebted poor countries (HIPC),1994,309.0395726
Heavily indebted poor countries (HIPC),1995,307.8417067
Heavily indebted poor countries (HIPC),1996,303.299926
Heavily indebted poor countries (HIPC),1997,296.7247815
Heavily indebted poor countries (HIPC),1998,288.7672481
Heavily indebted poor countries (HIPC),1999,282.3172598
Heavily indebted poor countries (HIPC),2000,274.5061364
Heavily indebted poor countries (HIPC),2001,266.5028483
Heavily indebted poor countries (HIPC),2002,258.3756254
Heavily indebted poor countries (HIPC),2003,251.1048858
Heavily indebted poor countries (HIPC),2004,243.4649296
Heavily indebted poor countries (HIPC),2005,235.443054
Heavily indebted poor countries (HIPC),2006,227.3212618
Heavily indebted poor countries (HIPC),2007,218.9616999
Heavily indebted poor countries (HIPC),2008,211.8443955
Heavily indebted poor countries (HIPC),2009,205.4893687
Heavily indebted poor countries (HIPC),2010,199.380416
Heavily indebted poor countries (HIPC),2011,193.1145829
Heavily indebted poor countries (HIPC),2012,187.5658496
Heavily indebted poor countries (HIPC),2013,182.0464663
Heavily indebted poor countries (HIPC),2014,178.5315304
Heavily indebted poor countries (HIPC),2015,176.5421058
Honduras,1992,154
Honduras,1993,151
Honduras,1994,146
Honduras,1995,142
Honduras,1996,136
Honduras,1997,132
Honduras,1998,129
Honduras,1999,129
Honduras,2000,128
Honduras,2001,127
Honduras,2002,124
Honduras,2003,119
Honduras,2004,115
Honduras,2005,113
Honduras,2006,113
Honduras,2007,112
Honduras,2008,109
Honduras,2009,105
Honduras,2010,104
Honduras,2011,104
Honduras,2012,102
Honduras,2013,96
Honduras,2014,89
Honduras,2015,85
IBRD only,1992,151.7209362
IBRD only,1993,149.9690509
IBRD only,1994,146.7577271
IBRD only,1995,140.2629585
IBRD only,1996,132.1309246
IBRD only,1997,123.848014
IBRD only,1998,117.851398
IBRD only,1999,113.816528
IBRD only,2000,111.5313006
IBRD only,2001,110.3563315
IBRD only,2002,110.4612174
IBRD only,2003,112.4453647
IBRD only,2004,114.4638986
IBRD only,2005,115.7616106
IBRD only,2006,115.2121661
IBRD only,2007,111.5557074
IBRD only,2008,105.0538738
IBRD only,2009,98.46651087
IBRD only,2010,91.92478623
IBRD only,2011,86.97829199
IBRD only,2012,82.74989888
IBRD only,2013,79.27813728
IBRD only,2014,76.71447702
IBRD only,2015,74.3552655
IDA & IBRD total,1992,175.5922636
IDA & IBRD total,1993,174.3793729
IDA & IBRD total,1994,171.1177163
IDA & IBRD total,1995,165.4585089
IDA & IBRD total,1996,158.1152399
IDA & IBRD total,1997,150.6253184
IDA & IBRD total,1998,144.8351385
IDA & IBRD total,1999,140.3067102
IDA & IBRD total,2000,136.5499419
IDA & IBRD total,2001,133.6699825
IDA & IBRD total,2002,132.3570829
IDA & IBRD total,2003,133.0195744
IDA & IBRD total,2004,133.6013092
IDA & IBRD total,2005,133.0649799
IDA & IBRD total,2006,130.9070913
IDA & IBRD total,2007,126.2898654
IDA & IBRD total,2008,119.8432764
IDA & IBRD total,2009,113.6067956
IDA & IBRD total,2010,107.6189587
IDA & IBRD total,2011,102.8748866
IDA & IBRD total,2012,98.28928788
IDA & IBRD total,2013,95.02950928
IDA & IBRD total,2014,92.73190367
IDA & IBRD total,2015,90.68640929
IDA total,1992,259.8451015
IDA total,1993,259.6779816
IDA total,1994,255.4162007
IDA total,1995,251.821453
IDA total,1996,246.363925
IDA total,1997,240.7620048
IDA total,1998,234.8720131
IDA total,1999,227.918589
IDA total,2000,218.5486675
IDA total,2001,209.3740391
IDA total,2002,202.7833959
IDA total,2003,198.5560893
IDA total,2004,193.9642616
IDA total,2005,187.1080402
IDA total,2006,179.4405427
IDA total,2007,171.3911017
IDA total,2008,164.6493962
IDA total,2009,158.9989154
IDA total,2010,154.1582891
IDA total,2011,149.4923229
IDA total,2012,144.5958534
IDA total,2013,141.4477946
IDA total,2014,139.4067135
IDA total,2015,137.7408179
IDA blend,1992,207.5162528
IDA blend,1993,200.3326834
IDA blend,1994,186.1816537
IDA blend,1995,174.517758
IDA blend,1996,165.5827657
IDA blend,1997,161.7330379
IDA blend,1998,161.0478084
IDA blend,1999,159.1487856
IDA blend,2000,154.1617726
IDA blend,2001,149.6923668
IDA blend,2002,149.0050636
IDA blend,2003,150.4470422
IDA blend,2004,149.9060259
IDA blend,2005,145.3919508
IDA blend,2006,138.8490151
IDA blend,2007,132.4804724
IDA blend,2008,126.4145826
IDA blend,2009,121.071196
IDA blend,2010,116.8732469
IDA blend,2011,113.3359037
IDA blend,2012,110.9014597
IDA blend,2013,109.1172418
IDA blend,2014,108.1292694
IDA blend,2015,106.8826767
IDA only,1992,294.5571573
IDA only,1993,298.8476344
IDA only,1994,300.8817275
IDA only,1995,302.3427535
IDA only,1996,298.936834
IDA only,1997,292.0020526
IDA only,1998,282.5635686
IDA only,1999,272.1697117
IDA only,2000,259.8083997
IDA only,2001,247.4479344
IDA only,2002,236.9286612
IDA only,2003,228.9601239
IDA only,2004,221.6915743
IDA only,2005,213.2645649
IDA only,2006,204.8119871
IDA only,2007,195.6494203
IDA only,2008,188.4351681
IDA only,2009,182.5474292
IDA only,2010,177.2764202
IDA only,2011,171.8800114
IDA only,2012,166.3545628
IDA only,2013,162.2809774
IDA only,2014,159.5212733
IDA only,2015,157.5473708
Iran,1992,31
Iran,1993,28
Iran,1994,27
Iran,1995,26
Iran,1996,27
Iran,1997,29
Iran,1998,31
Iran,1999,32
Iran,2000,33
Iran,2001,36
Iran,2002,39
Iran,2003,43
Iran,2004,46
Iran,2005,48
Iran,2006,48
Iran,2007,48
Iran,2008,49
Iran,2009,49
Iran,2010,48
Iran,2011,47
Iran,2012,45
Iran,2013,43
Iran,2014,41
Iran,2015,36
Indonesia,1992,136
Indonesia,1993,131
Indonesia,1994,125
Indonesia,1995,116
Indonesia,1996,107
Indonesia,1997,101
Indonesia,1998,100
Indonesia,1999,106
Indonesia,2000,113
Indonesia,2001,122
Indonesia,2002,129
Indonesia,2003,134
Indonesia,2004,135
Indonesia,2005,135
Indonesia,2006,136
Indonesia,2007,136
Indonesia,2008,135
Indonesia,2009,129
Indonesia,2010,113
Indonesia,2011,94
Indonesia,2012,76
Indonesia,2013,63
Indonesia,2014,55
Indonesia,2015,51
India,1992,165
India,1993,154
India,1994,156
India,1995,154
India,1996,151
India,1997,142
India,1998,133
India,1999,125
India,2000,120
India,2001,118
India,2002,122
India,2003,131
India,2004,141
India,2005,149
India,2006,152
India,2007,146
India,2008,134
India,2009,122
India,2010,115
India,2011,112
India,2012,111
India,2013,110
India,2014,110
India,2015,110
Jordan,1992,33
Jordan,1993,35
Jordan,1994,42
Jordan,1995,48
Jordan,1996,53
Jordan,1997,54
Jordan,1998,52
Jordan,1999,49
Jordan,2000,47
Jordan,2001,44
Jordan,2002,38
Jordan,2003,30
Jordan,2004,22
Jordan,2005,17
Jordan,2006,14
Jordan,2007,13
Jordan,2008,12
Jordan,2009,12
Jordan,2010,12
Jordan,2011,12
Jordan,2012,12
Jordan,2013,12
Jordan,2014,13
Jordan,2015,13
Jamaica,1992,70
Jamaica,1993,71
Jamaica,1994,65
Jamaica,1995,60
Jamaica,1996,57
Jamaica,1997,57
Jamaica,1998,57
Jamaica,1999,57
Jamaica,2000,55
Jamaica,2001,52
Jamaica,2002,49
Jamaica,2003,46
Jamaica,2004,45
Jamaica,2005,45
Jamaica,2006,46
Jamaica,2007,48
Jamaica,2008,50
Jamaica,2009,52
Jamaica,2010,56
Jamaica,2011,58
Jamaica,2012,59
Jamaica,2013,60
Jamaica,2014,62
Jamaica,2015,62
Iraq,1992,46
Iraq,1993,82
Iraq,1994,94
Iraq,1995,123
Iraq,1996,134
Iraq,1997,145
Iraq,1998,158
Iraq,1999,167
Iraq,2000,168
Iraq,2001,160
Iraq,2002,155
Iraq,2003,157
Iraq,2004,167
Iraq,2005,179
Iraq,2006,189
Iraq,2007,203
Iraq,2008,211
Iraq,2009,215
Iraq,2010,209
Iraq,2011,203
Iraq,2012,197
Iraq,2013,193
Iraq,2014,190
Iraq,2015,188
Kenya,1992,209
Kenya,1993,232
Kenya,1994,250
Kenya,1995,254
Kenya,1996,237
Kenya,1997,225
Kenya,1998,222
Kenya,1999,226
Kenya,2000,223
Kenya,2001,218
Kenya,2002,217
Kenya,2003,224
Kenya,2004,234
Kenya,2005,231
Kenya,2006,213
Kenya,2007,185
Kenya,2008,170
Kenya,2009,166
Kenya,2010,165
Kenya,2011,159
Kenya,2012,151
Kenya,2013,145
Kenya,2014,140
Kenya,2015,136
Kazakhstan,1992,18
Kazakhstan,1993,14
Kazakhstan,1994,16
Kazakhstan,1995,16
Kazakhstan,1996,17
Kazakhstan,1997,18
Kazakhstan,1998,20
Kazakhstan,1999,23
Kazakhstan,2000,28
Kazakhstan,2001,31
Kazakhstan,2002,33
Kazakhstan,2003,34
Kazakhstan,2004,35
Kazakhstan,2005,38
Kazakhstan,2006,39
Kazakhstan,2007,35
Kazakhstan,2008,29
Kazakhstan,2009,24
Kazakhstan,2010,21
Kazakhstan,2011,20
Kazakhstan,2012,20
Kazakhstan,2013,20
Kazakhstan,2014,20
Kazakhstan,2015,19
Kiribati,1992,46
Kiribati,1993,41
Kiribati,1994,41
Kiribati,1995,38
Kiribati,1996,38
Kiribati,1997,37
Kiribati,1998,36
Kiribati,1999,34
Kiribati,2000,31
Kiribati,2001,28
Kiribati,2002,27
Kiribati,2003,27
Kiribati,2004,28
Kiribati,2005,29
Kiribati,2006,30
Kiribati,2007,29
Kiribati,2008,29
Kiribati,2009,30
Kiribati,2010,30
Kiribati,2011,29
Kiribati,2012,27
Kiribati,2013,25
Kiribati,2014,24
Kiribati,2015,23
Kyrgyzstan,1992,105
Kyrgyzstan,1993,109
Kyrgyzstan,1994,106
Kyrgyzstan,1995,107
Kyrgyzstan,1996,107
Kyrgyzstan,1997,107
Kyrgyzstan,1998,97
Kyrgyzstan,1999,90
Kyrgyzstan,2000,95
Kyrgyzstan,2001,105
Kyrgyzstan,2002,117
Kyrgyzstan,2003,116
Kyrgyzstan,2004,106
Kyrgyzstan,2005,87
Kyrgyzstan,2006,73
Kyrgyzstan,2007,66
Kyrgyzstan,2008,65
Kyrgyzstan,2009,64
Kyrgyzstan,2010,61
Kyrgyzstan,2011,55
Kyrgyzstan,2012,50
Kyrgyzstan,2013,45
Kyrgyzstan,2014,42
Kyrgyzstan,2015,41
Kuwait,1992,305
Kuwait,1993,353
Kuwait,1994,249
Kuwait,1995,169
Kuwait,1996,79
Kuwait,1997,38
Kuwait,1998,23
Kuwait,1999,18
Kuwait,2000,16
Kuwait,2001,15
Kuwait,2002,13
Kuwait,2003,12
Kuwait,2004,12
Kuwait,2005,11
Kuwait,2006,10
Kuwait,2007,10
Kuwait,2008,10
Kuwait,2009,10
Kuwait,2010,11
Kuwait,2011,12
Kuwait,2012,14
Kuwait,2013,15
Kuwait,2014,17
Kuwait,2015,20
"Korea, Dem. People�s Rep.",1992,173
"Korea, Dem. People�s Rep.",1993,184
"Korea, Dem. People�s Rep.",1994,200
"Korea, Dem. People�s Rep.",1995,215
"Korea, Dem. People�s Rep.",1996,240
"Korea, Dem. People�s Rep.",1997,267
"Korea, Dem. People�s Rep.",1998,287
"Korea, Dem. People�s Rep.",1999,294
"Korea, Dem. People�s Rep.",2000,294
"Korea, Dem. People�s Rep.",2001,297
"Korea, Dem. People�s Rep.",2002,296
"Korea, Dem. People�s Rep.",2003,292
"Korea, Dem. People�s Rep.",2004,278
"Korea, Dem. People�s Rep.",2005,269
"Korea, Dem. People�s Rep.",2006,267
"Korea, Dem. People�s Rep.",2007,280
"Korea, Dem. People�s Rep.",2008,298
"Korea, Dem. People�s Rep.",2009,318
"Korea, Dem. People�s Rep.",2010,333
"Korea, Dem. People�s Rep.",2011,341
"Korea, Dem. People�s Rep.",2012,344
"Korea, Dem. People�s Rep.",2013,344
"Korea, Dem. People�s Rep.",2014,344
"Korea, Dem. People�s Rep.",2015,344
Laos,1992,325
Laos,1993,332
Laos,1994,336
Laos,1995,340
Laos,1996,335
Laos,1997,327
Laos,1998,316
Laos,1999,310
Laos,2000,300
Laos,2001,294
Laos,2002,283
Laos,2003,274
Laos,2004,257
Laos,2005,235
Laos,2006,212
Laos,2007,191
Laos,2008,181
Laos,2009,174
Laos,2010,171
Laos,2011,160
Laos,2012,149
Laos,2013,139
Laos,2014,134
Laos,2015,131
Latin America & Caribbean,1992,105.2854379
Latin America & Caribbean,1993,101.3248116
Latin America & Caribbean,1994,101.3711524
Latin America & Caribbean,1995,99.40855316
Latin America & Caribbean,1996,97.66750689
Latin America & Caribbean,1997,96.38525397
Latin America & Caribbean,1998,95.0753698
Latin America & Caribbean,1999,94.34337185
Latin America & Caribbean,2000,91.94697175
Latin America & Caribbean,2001,87.76439971
Latin America & Caribbean,2002,82.55277003
Latin America & Caribbean,2003,77.75966826
Latin America & Caribbean,2004,73.56046848
Latin America & Caribbean,2005,68.97530117
Latin America & Caribbean,2006,64.62782954
Latin America & Caribbean,2007,60.01060331
Latin America & Caribbean,2008,55.26601684
Latin America & Caribbean,2009,51.90339019
Latin America & Caribbean,2010,49.52915116
Latin America & Caribbean,2011,47.71843024
Latin America & Caribbean,2012,45.78200703
Latin America & Caribbean,2013,44.00028177
Latin America & Caribbean,2014,42.34001849
Latin America & Caribbean,2015,41.28802231
Late-demographic dividend,1992,180.7253119
Late-demographic dividend,1993,183.8802916
Late-demographic dividend,1994,176.327991
Late-demographic dividend,1995,164.9260356
Late-demographic dividend,1996,151.6474133
Late-demographic dividend,1997,141.6094299
Late-demographic dividend,1998,135.38619
Late-demographic dividend,1999,131.050084
Late-demographic dividend,2000,128.3652781
Late-demographic dividend,2001,126.1451402
Late-demographic dividend,2002,123.4087465
Late-demographic dividend,2003,120.7967068
Late-demographic dividend,2004,117.9488023
Late-demographic dividend,2005,115.2794913
Late-demographic dividend,2006,112.7133574
Late-demographic dividend,2007,110.0692567
Late-demographic dividend,2008,105.4888876
Late-demographic dividend,2009,101.1651795
Late-demographic dividend,2010,94.92301127
Late-demographic dividend,2011,89.53252029
Late-demographic dividend,2012,83.98964238
Late-demographic dividend,2013,79.253485
Late-demographic dividend,2014,75.05888907
Late-demographic dividend,2015,70.83267814
Least developed countries: UN classification,1992,312.2950607
Least developed countries: UN classification,1993,319.124992
Least developed countries: UN classification,1994,321.3921269
Least developed countries: UN classification,1995,324.6332611
Least developed countries: UN classification,1996,321.9271648
Least developed countries: UN classification,1997,314.4528702
Least developed countries: UN classification,1998,303.535355
Least developed countries: UN classification,1999,291.1466887
Least developed countries: UN classification,2000,277.0646078
Least developed countries: UN classification,2001,263.0461506
Least developed countries: UN classification,2002,250.8007613
Least developed countries: UN classification,2003,240.8981826
Least developed countries: UN classification,2004,231.5837757
Least developed countries: UN classification,2005,221.8655123
Least developed countries: UN classification,2006,213.1524849
Least developed countries: UN classification,2007,204.3755444
Least developed countries: UN classification,2008,197.0402548
Least developed countries: UN classification,2009,190.4063762
Least developed countries: UN classification,2010,184.2128637
Least developed countries: UN classification,2011,178.2598878
Least developed countries: UN classification,2012,172.8374036
Least developed countries: UN classification,2013,168.8208706
Least developed countries: UN classification,2014,166.273615
Least developed countries: UN classification,2015,164.3506712
Latin America & Caribbean (excluding high income),1992,114.768418
Latin America & Caribbean (excluding high income),1993,110.8460773
Latin America & Caribbean (excluding high income),1994,111.1338152
Latin America & Caribbean (excluding high income),1995,109.2458551
Latin America & Caribbean (excluding high income),1996,107.420699
Latin America & Caribbean (excluding high income),1997,105.9873471
Latin America & Caribbean (excluding high income),1998,104.5199305
Latin America & Caribbean (excluding high income),1999,103.7000704
Latin America & Caribbean (excluding high income),2000,101.0765309
Latin America & Caribbean (excluding high income),2001,96.48688884
Latin America & Caribbean (excluding high income),2002,90.62849006
Latin America & Caribbean (excluding high income),2003,85.10264275
Latin America & Caribbean (excluding high income),2004,80.18020268
Latin America & Caribbean (excluding high income),2005,74.85192049
Latin America & Caribbean (excluding high income),2006,69.99098428
Latin America & Caribbean (excluding high income),2007,64.97895086
Latin America & Caribbean (excluding high income),2008,59.78866253
Latin America & Caribbean (excluding high income),2009,56.07975694
Latin America & Caribbean (excluding high income),2010,53.42226188
Latin America & Caribbean (excluding high income),2011,51.37145817
Latin America & Caribbean (excluding high income),2012,49.27923841
Latin America & Caribbean (excluding high income),2013,47.47511642
Latin America & Caribbean (excluding high income),2014,45.83338263
Latin America & Caribbean (excluding high income),2015,44.93044789
Latin America & the Caribbean (IDA & IBRD countries),1992,106.9314837
Latin America & the Caribbean (IDA & IBRD countries),1993,102.2829537
Latin America & the Caribbean (IDA & IBRD countries),1994,101.5900396
Latin America & the Caribbean (IDA & IBRD countries),1995,98.67160765
Latin America & the Caribbean (IDA & IBRD countries),1996,96.46232498
Latin America & the Caribbean (IDA & IBRD countries),1997,95.27765522
Latin America & the Caribbean (IDA & IBRD countries),1998,94.51001914
Latin America & the Caribbean (IDA & IBRD countries),1999,94.47535891
Latin America & the Caribbean (IDA & IBRD countries),2000,92.65502989
Latin America & the Caribbean (IDA & IBRD countries),2001,88.84542918
Latin America & the Caribbean (IDA & IBRD countries),2002,83.76124758
Latin America & the Caribbean (IDA & IBRD countries),2003,79.01949088
Latin America & the Caribbean (IDA & IBRD countries),2004,74.79742037
Latin America & the Caribbean (IDA & IBRD countries),2005,70.16212066
Latin America & the Caribbean (IDA & IBRD countries),2006,65.74866774
Latin America & the Caribbean (IDA & IBRD countries),2007,61.00256897
Latin America & the Caribbean (IDA & IBRD countries),2008,56.1313885
Latin America & the Caribbean (IDA & IBRD countries),2009,52.65495703
Latin America & the Caribbean (IDA & IBRD countries),2010,50.20847541
Latin America & the Caribbean (IDA & IBRD countries),2011,48.35730481
Latin America & the Caribbean (IDA & IBRD countries),2012,46.37815562
Latin America & the Caribbean (IDA & IBRD countries),2013,44.61280175
Latin America & the Caribbean (IDA & IBRD countries),2014,42.95217776
Latin America & the Caribbean (IDA & IBRD countries),2015,41.91158568
Liberia,1992,211
Liberia,1993,200
Liberia,1994,227
Liberia,1995,258
Liberia,1996,296
Liberia,1997,312
Liberia,1998,303
Liberia,1999,284
Liberia,2000,273
Liberia,2001,279
Liberia,2002,292
Liberia,2003,310
Liberia,2004,320
Liberia,2005,324
Liberia,2006,319
Liberia,2007,313
Liberia,2008,306
Liberia,2009,295
Liberia,2010,285
Liberia,2011,280
Liberia,2012,279
Liberia,2013,275
Liberia,2014,269
Liberia,2015,261
Lesotho,1992,99
Lesotho,1993,97
Lesotho,1994,98
Lesotho,1995,101
Lesotho,1996,104
Lesotho,1997,108
Lesotho,1998,105
Lesotho,1999,99
Lesotho,2000,90
Lesotho,2001,84
Lesotho,2002,79
Lesotho,2003,77
Lesotho,2004,75
Lesotho,2005,73
Lesotho,2006,71
Lesotho,2007,70
Lesotho,2008,71
Lesotho,2009,74
Lesotho,2010,76
Lesotho,2011,76
Lesotho,2012,75
Lesotho,2013,75
Lesotho,2014,75
Lesotho,2015,76
Lebanon,1992,13
Lebanon,1993,13
Lebanon,1994,14
Lebanon,1995,14
Lebanon,1996,14
Lebanon,1997,13
Lebanon,1998,12
Lebanon,1999,11
Lebanon,2000,11
Lebanon,2001,12
Lebanon,2002,13
Lebanon,2003,14
Lebanon,2004,16
Lebanon,2005,19
Lebanon,2006,22
Lebanon,2007,25
Lebanon,2008,27
Lebanon,2009,28
Lebanon,2010,29
Lebanon,2011,30
Lebanon,2012,30
Lebanon,2013,31
Lebanon,2014,34
Lebanon,2015,33
Low income,1992,306.9169658
Low income,1993,319.8596884
Low income,1994,321.9047125
Low income,1995,327.4497499
Low income,1996,327.3451505
Low income,1997,323.6435601
Low income,1998,315.8770749
Low income,1999,308.1339307
Low income,2000,299.0308405
Low income,2001,290.7941607
Low income,2002,282.4837283
Low income,2003,274.9678378
Low income,2004,265.7590572
Low income,2005,256.0778069
Low income,2006,246.2062452
Low income,2007,237.2149103
Low income,2008,229.9798077
Low income,2009,223.3504803
Low income,2010,216.7580426
Low income,2011,209.6167652
Low income,2012,203.2602264
Low income,2013,198.5353985
Low income,2014,195.8017843
Low income,2015,194.2640779
Lower middle income,1992,179.3807875
Lower middle income,1993,172.132486
Lower middle income,1994,170.3464391
Lower middle income,1995,166.1081232
Lower middle income,1996,161.0578902
Lower middle income,1997,154.0581037
Lower middle income,1998,148.0433197
Lower middle income,1999,142.7638702
Lower middle income,2000,137.7805675
Lower middle income,2001,134.2622046
Lower middle income,2002,134.455178
Lower middle income,2003,138.0089806
Lower middle income,2004,141.6018194
Lower middle income,2005,143.2132528
Lower middle income,2006,142.1422777
Lower middle income,2007,136.5135847
Lower middle income,2008,128.3546967
Lower middle income,2009,120.1727406
Lower middle income,2010,113.8450368
Lower middle income,2011,109.3773362
Lower middle income,2012,105.2419044
Lower middle income,2013,102.793196
Lower middle income,2014,101.4779555
Lower middle income,2015,100.3864336
Low & middle income,1992,177.0559281
Low & middle income,1993,176.010947
Low & middle income,1994,172.9178244
Low & middle income,1995,167.4367253
Low & middle income,1996,160.2408563
Low & middle income,1997,152.8318817
Low & middle income,1998,147.0444877
Low & middle income,1999,142.4434592
Low & middle income,2000,138.5990628
Low & middle income,2001,135.6727067
Low & middle income,2002,134.3148558
Low & middle income,2003,134.9233071
Low & middle income,2004,135.4058298
Low & middle income,2005,134.7938839
Low & middle income,2006,132.6081453
Low & middle income,2007,128.0424975
Low & middle income,2008,121.656029
Low & middle income,2009,115.4831127
Low & middle income,2010,109.5273719
Low & middle income,2011,104.78373
Low & middle income,2012,100.1989428
Low & middle income,2013,96.92504847
Low & middle income,2014,94.62288066
Low & middle income,2015,92.57991361
Malaysia,1992,31
Malaysia,1993,28
Malaysia,1994,24
Malaysia,1995,20
Malaysia,1996,16
Malaysia,1997,14
Malaysia,1998,14
Malaysia,1999,14
Malaysia,2000,14
Malaysia,2001,15
Malaysia,2002,17
Malaysia,2003,20
Malaysia,2004,23
Malaysia,2005,24
Malaysia,2006,25
Malaysia,2007,25
Malaysia,2008,26
Malaysia,2009,26
Malaysia,2010,26
Malaysia,2011,25
Malaysia,2012,24
Malaysia,2013,23
Malaysia,2014,20
Malaysia,2015,17
Malawi,1992,332
Malawi,1993,341
Malawi,1994,352
Malawi,1995,341
Malawi,1996,318
Malawi,1997,286
Malawi,1998,262
Malawi,1999,239
Malawi,2000,217
Malawi,2001,196
Malawi,2002,183
Malawi,2003,181
Malawi,2004,186
Malawi,2005,191
Malawi,2006,189
Malawi,2007,180
Malawi,2008,166
Malawi,2009,155
Malawi,2010,149
Malawi,2011,145
Malawi,2012,142
Malawi,2013,140
Malawi,2014,139
Malawi,2015,139
Madagascar,1992,180
Madagascar,1993,194
Madagascar,1994,198
Madagascar,1995,209
Madagascar,1996,220
Madagascar,1997,228
Madagascar,1998,233
Madagascar,1999,235
Madagascar,2000,234
Madagascar,2001,234
Madagascar,2002,241
Madagascar,2003,253
Madagascar,2004,268
Madagascar,2005,273
Madagascar,2006,264
Madagascar,2007,245
Madagascar,2008,228
Madagascar,2009,218
Madagascar,2010,216
Madagascar,2011,215
Madagascar,2012,216
Madagascar,2013,219
Madagascar,2014,223
Madagascar,2015,227
Mauritania,1992,95
Mauritania,1993,93
Mauritania,1994,92
Mauritania,1995,91
Mauritania,1996,92
Mauritania,1997,91
Mauritania,1998,88
Mauritania,1999,83
Mauritania,2000,78
Mauritania,2001,75
Mauritania,2002,73
Mauritania,2003,72
Mauritania,2004,72
Mauritania,2005,72
Mauritania,2006,74
Mauritania,2007,73
Mauritania,2008,68
Mauritania,2009,60
Mauritania,2010,54
Mauritania,2011,51
Mauritania,2012,49
Mauritania,2013,46
Mauritania,2014,41
Mauritania,2015,37
Mali,1992,107
Mali,1993,110
Mali,1994,113
Mali,1995,117
Mali,1996,118
Mali,1997,117
Mali,1998,112
Mali,1999,107
Mali,2000,96
Mali,2001,86
Mali,2002,78
Mali,2003,73
Mali,2004,70
Mali,2005,66
Mali,2006,61
Mali,2007,54
Mali,2008,45
Mali,2009,37
Mali,2010,31
Mali,2011,27
Mali,2012,24
Mali,2013,23
Mali,2014,23
Mali,2015,23
Maldives,1992,69
Maldives,1993,64
Maldives,1994,63
Maldives,1995,59
Maldives,1996,57
Maldives,1997,61
Maldives,1998,66
Maldives,1999,70
Maldives,2000,72
Maldives,2001,73
Maldives,2002,75
Maldives,2003,78
Maldives,2004,86
Maldives,2005,95
Maldives,2006,102
Maldives,2007,104
Maldives,2008,100
Maldives,2009,90
Maldives,2010,79
Maldives,2011,67
Maldives,2012,58
Maldives,2013,51
Maldives,2014,45
Maldives,2015,39
Mexico,1992,46
Mexico,1993,46
Mexico,1994,46
Mexico,1995,45
Mexico,1996,43
Mexico,1997,41
Mexico,1998,39
Mexico,1999,36
Mexico,2000,33
Mexico,2001,31
Mexico,2002,31
Mexico,2003,34
Mexico,2004,37
Mexico,2005,38
Mexico,2006,36
Mexico,2007,33
Mexico,2008,31
Mexico,2009,30
Mexico,2010,29
Mexico,2011,29
Mexico,2012,30
Mexico,2013,31
Mexico,2014,30
Mexico,2015,30
Mauritius,1992,57
Mauritius,1993,56
Mauritius,1994,55
Mauritius,1995,53
Mauritius,1996,50
Mauritius,1997,47
Mauritius,1998,47
Mauritius,1999,49
Mauritius,2000,50
Mauritius,2001,50
Mauritius,2002,47
Mauritius,2003,45
Mauritius,2004,43
Mauritius,2005,41
Mauritius,2006,39
Mauritius,2007,38
Mauritius,2008,38
Mauritius,2009,37
Mauritius,2010,37
Mauritius,2011,35
Mauritius,2012,35
Mauritius,2013,36
Mauritius,2014,36
Mauritius,2015,36
Middle East & North Africa,1992,42.13240794
Middle East & North Africa,1993,45.25771748
Middle East & North Africa,1994,46.81081633
Middle East & North Africa,1995,50.73597121
Middle East & North Africa,1996,51.7248806
Middle East & North Africa,1997,52.89402089
Middle East & North Africa,1998,54.12946864
Middle East & North Africa,1999,54.32904941
Middle East & North Africa,2000,53.97865195
Middle East & North Africa,2001,53.51789773
Middle East & North Africa,2002,53.31259339
Middle East & North Africa,2003,54.75022389
Middle East & North Africa,2004,56.77789846
Middle East & North Africa,2005,58.76625058
Middle East & North Africa,2006,59.94944565
Middle East & North Africa,2007,60.97018808
Middle East & North Africa,2008,61.15192685
Middle East & North Africa,2009,60.77980195
Middle East & North Africa,2010,58.94450814
Middle East & North Africa,2011,56.51379889
Middle East & North Africa,2012,53.54666439
Middle East & North Africa,2013,51.61442483
Middle East & North Africa,2014,50.47059402
Middle East & North Africa,2015,49.1554213
Middle income,1992,167.3732866
Middle income,1993,165.1574494
Middle income,1994,161.5421645
Middle income,1995,155.0756841
Middle income,1996,147.1855429
Middle income,1997,139.3394313
Middle income,1998,133.5604544
Middle income,1999,129.0582789
Middle income,2000,125.482876
Middle income,2001,122.8308962
Middle income,2002,121.8877504
Middle income,2003,123.0201535
Middle income,2004,124.1765951
Middle income,2005,124.2046528
Middle income,2006,122.5553368
Middle income,2007,118.2492802
Middle income,2008,111.8056331
Middle income,2009,105.5386785
Middle income,2010,99.50335662
Middle income,2011,94.8454878
Middle income,2012,90.21410731
Middle income,2013,86.93961292
Middle income,2014,84.53788503
Middle income,2015,82.3003624
Middle East & North Africa (excluding high income),1992,43.63338727
Middle East & North Africa (excluding high income),1993,46.77917383
Middle East & North Africa (excluding high income),1994,48.1564795
Middle East & North Africa (excluding high income),1995,51.3392394
Middle East & North Africa (excluding high income),1996,53.08689926
Middle East & North Africa (excluding high income),1997,54.99973513
Middle East & North Africa (excluding high income),1998,57.00724458
Middle East & North Africa (excluding high income),1999,57.84991119
Middle East & North Africa (excluding high income),2000,57.96005088
Middle East & North Africa (excluding high income),2001,57.83943013
Middle East & North Africa (excluding high income),2002,57.8390371
Middle East & North Africa (excluding high income),2003,59.4599892
Middle East & North Africa (excluding high income),2004,61.54342812
Middle East & North Africa (excluding high income),2005,63.70820373
Middle East & North Africa (excluding high income),2006,64.96787297
Middle East & North Africa (excluding high income),2007,66.11693124
Middle East & North Africa (excluding high income),2008,66.42296711
Middle East & North Africa (excluding high income),2009,66.01096102
Middle East & North Africa (excluding high income),2010,64.02038319
Middle East & North Africa (excluding high income),2011,61.4780323
Middle East & North Africa (excluding high income),2012,58.34267231
Middle East & North Africa (excluding high income),2013,56.43010082
Middle East & North Africa (excluding high income),2014,55.42537112
Middle East & North Africa (excluding high income),2015,54.1236213
Middle East & North Africa (IDA & IBRD countries),1992,43.63338727
Middle East & North Africa (IDA & IBRD countries),1993,46.77917383
Middle East & North Africa (IDA & IBRD countries),1994,48.1564795
Middle East & North Africa (IDA & IBRD countries),1995,51.3392394
Middle East & North Africa (IDA & IBRD countries),1996,53.08689926
Middle East & North Africa (IDA & IBRD countries),1997,54.99973513
Middle East & North Africa (IDA & IBRD countries),1998,57.00724458
Middle East & North Africa (IDA & IBRD countries),1999,57.84991119
Middle East & North Africa (IDA & IBRD countries),2000,57.96005088
Middle East & North Africa (IDA & IBRD countries),2001,57.83943013
Middle East & North Africa (IDA & IBRD countries),2002,57.8390371
Middle East & North Africa (IDA & IBRD countries),2003,59.4599892
Middle East & North Africa (IDA & IBRD countries),2004,61.54342812
Middle East & North Africa (IDA & IBRD countries),2005,63.70820373
Middle East & North Africa (IDA & IBRD countries),2006,64.96787297
Middle East & North Africa (IDA & IBRD countries),2007,66.11693124
Middle East & North Africa (IDA & IBRD countries),2008,66.42296711
Middle East & North Africa (IDA & IBRD countries),2009,66.01096102
Middle East & North Africa (IDA & IBRD countries),2010,64.02038319
Middle East & North Africa (IDA & IBRD countries),2011,61.4780323
Middle East & North Africa (IDA & IBRD countries),2012,58.34267231
Middle East & North Africa (IDA & IBRD countries),2013,56.43010082
Middle East & North Africa (IDA & IBRD countries),2014,55.42537112
Middle East & North Africa (IDA & IBRD countries),2015,54.1236213
Mozambique,1992,437
Mozambique,1993,467
Mozambique,1994,474
Mozambique,1995,472
Mozambique,1996,440
Mozambique,1997,389
Mozambique,1998,346
Mozambique,1999,319
Mozambique,2000,317
Mozambique,2001,321
Mozambique,2002,325
Mozambique,2003,317
Mozambique,2004,302
Mozambique,2005,287
Mozambique,2006,277
Mozambique,2007,273
Mozambique,2008,266
Mozambique,2009,258
Mozambique,2010,244
Mozambique,2011,231
Mozambique,2012,216
Mozambique,2013,205
Mozambique,2014,195
Mozambique,2015,188
Morocco,1992,39
Morocco,1993,44
Morocco,1994,50
Morocco,1995,54
Morocco,1996,52
Morocco,1997,49
Morocco,1998,45
Morocco,1999,43
Morocco,2000,43
Morocco,2001,45
Morocco,2002,47
Morocco,2003,46
Morocco,2004,43
Morocco,2005,41
Morocco,2006,39
Morocco,2007,39
Morocco,2008,39
Morocco,2009,39
Morocco,2010,39
Morocco,2011,39
Morocco,2012,37
Morocco,2013,35
Morocco,2014,34
Morocco,2015,33
Mongolia,1992,210
Mongolia,1993,269
Mongolia,1994,348
Mongolia,1995,398
Mongolia,1996,404
Mongolia,1997,369
Mongolia,1998,345
Mongolia,1999,328
Mongolia,2000,313
Mongolia,2001,296
Mongolia,2002,281
Mongolia,2003,275
Mongolia,2004,276
Mongolia,2005,281
Mongolia,2006,284
Mongolia,2007,278
Mongolia,2008,264
Mongolia,2009,243
Mongolia,2010,223
Mongolia,2011,205
Mongolia,2012,192
Mongolia,2013,182
Mongolia,2014,174
Mongolia,2015,165
Nepal,1992,149
Nepal,1993,155
Nepal,1994,163
Nepal,1995,169
Nepal,1996,171
Nepal,1997,170
Nepal,1998,168
Nepal,1999,162
Nepal,2000,157
Nepal,2001,150
Nepal,2002,147
Nepal,2003,141
Nepal,2004,133
Nepal,2005,121
Nepal,2006,111
Nepal,2007,102
Nepal,2008,95
Nepal,2009,85
Nepal,2010,74
Nepal,2011,64
Nepal,2012,58
Nepal,2013,53
Nepal,2014,50
Nepal,2015,49
Namibia,1992,252
Namibia,1993,260
Namibia,1994,273
Namibia,1995,284
Namibia,1996,288
Namibia,1997,282
Namibia,1998,276
Namibia,1999,264
Namibia,2000,243
Namibia,2001,213
Namibia,2002,189
Namibia,2003,176
Namibia,2004,175
Namibia,2005,175
Namibia,2006,176
Namibia,2007,181
Namibia,2008,194
Namibia,2009,218
Namibia,2010,250
Namibia,2011,278
Namibia,2012,295
Namibia,2013,303
Namibia,2014,315
Namibia,2015,323
Myanmar,1992,511
Myanmar,1993,515
Myanmar,1994,516
Myanmar,1995,509
Myanmar,1996,502
Myanmar,1997,485
Myanmar,1998,468
Myanmar,1999,453
Myanmar,2000,444
Myanmar,2001,430
Myanmar,2002,404
Myanmar,2003,372
Myanmar,2004,341
Myanmar,2005,313
Myanmar,2006,287
Myanmar,2007,260
Myanmar,2008,229
Myanmar,2009,199
Myanmar,2010,171
Myanmar,2011,149
Myanmar,2012,132
Myanmar,2013,120
Myanmar,2014,113
Myanmar,2015,108
Nigeria,1992,140
Nigeria,1993,116
Nigeria,1994,103
Nigeria,1995,88
Nigeria,1996,81
Nigeria,1997,75
Nigeria,1998,71
Nigeria,1999,67
Nigeria,2000,61
Nigeria,2001,57
Nigeria,2002,55
Nigeria,2003,56
Nigeria,2004,53
Nigeria,2005,49
Nigeria,2006,43
Nigeria,2007,39
Nigeria,2008,36
Nigeria,2009,35
Nigeria,2010,36
Nigeria,2011,36
Nigeria,2012,37
Nigeria,2013,37
Nigeria,2014,39
Nigeria,2015,40
Niger,1992,188
Niger,1993,213
Niger,1994,225
Niger,1995,242
Niger,1996,244
Niger,1997,230
Niger,1998,209
Niger,1999,189
Niger,2000,169
Niger,2001,149
Niger,2002,132
Niger,2003,121
Niger,2004,113
Niger,2005,104
Niger,2006,96
Niger,2007,90
Niger,2008,84
Niger,2009,78
Niger,2010,71
Niger,2011,67
Niger,2012,63
Niger,2013,61
Niger,2014,59
Niger,2015,58
Nicaragua,1992,420
Nicaragua,1993,405
Nicaragua,1994,395
Nicaragua,1995,366
Nicaragua,1996,339
Nicaragua,1997,321
Nicaragua,1998,309
Nicaragua,1999,300
Nicaragua,2000,281
Nicaragua,2001,256
Nicaragua,2002,229
Nicaragua,2003,206
Nicaragua,2004,192
Nicaragua,2005,184
Nicaragua,2006,179
Nicaragua,2007,171
Nicaragua,2008,164
Nicaragua,2009,158
Nicaragua,2010,155
Nicaragua,2011,150
Nicaragua,2012,144
Nicaragua,2013,136
Nicaragua,2014,130
Nicaragua,2015,126
Oman,1992,118
Oman,1993,125
Oman,1994,129
Oman,1995,138
Oman,1996,141
Oman,1997,145
Oman,1998,138
Oman,1999,126
Oman,2000,107
Oman,2001,90
Oman,2002,82
Oman,2003,79
Oman,2004,80
Oman,2005,79
Oman,2006,77
Oman,2007,72
Oman,2008,65
Oman,2009,56
Oman,2010,48
Oman,2011,42
Oman,2012,40
Oman,2013,39
Oman,2014,38
Oman,2015,36
Other small states,1992,166.5664037
Other small states,1993,166.2602549
Other small states,1994,168.4421359
Other small states,1995,170.2275726
Other small states,1996,170.6890844
Other small states,1997,171.0322547
Other small states,1998,172.7819928
Other small states,1999,174.1060815
Other small states,2000,170.181589
Other small states,2001,161.2487421
Other small states,2002,151.374603
Other small states,2003,144.9551768
Other small states,2004,141.5468613
Other small states,2005,138.2423351
Other small states,2006,135.7921988
Pacific island small states,1992,73.68431149
Pacific island small states,1993,71.92038235
Pacific island small states,1994,72.24193928
Pacific island small states,1995,68.68508274
Pacific island small states,1996,64.70658455
Pacific island small states,1997,60.14963412
Pacific island small states,1998,55.92092704
Pacific island small states,1999,52.69257531
Pacific island small states,2000,50.70858946
Pacific island small states,2001,50.05161854
Pacific island small states,2002,48.95151117
Pacific island small states,2003,47.92447137
Pacific island small states,2004,46.32985993
Pacific island small states,2005,44.45749279
Pacific island small states,2006,43.26305928
Pacific island small states,2007,42.17007869
Pacific island small states,2008,40.64262488
Pacific island small states,2009,40.60309327
Pacific island small states,2010,40.37119311
Pacific island small states,2011,40.40224823
Pacific island small states,2012,40.42101184
Pacific island small states,2013,39.8930301
Pacific island small states,2014,40.20342912
Pacific island small states,2015,40.83618347
Paraguay,1992,133
Paraguay,1993,136
Paraguay,1994,131
Paraguay,1995,123
Paraguay,1996,113
Paraguay,1997,106
Paraguay,1998,103
Paraguay,1999,99
Paraguay,2000,95
Paraguay,2001,91
Paraguay,2002,89
Paraguay,2003,83
Paraguay,2004,75
Paraguay,2005,71
Paraguay,2006,72
Paraguay,2007,76
Paraguay,2008,77
Paraguay,2009,81
Paraguay,2010,84
Paraguay,2011,84
Paraguay,2012,83
Paraguay,2013,81
Paraguay,2014,80
Paraguay,2015,76
Panama,1992,188
Panama,1993,184
Panama,1994,169
Panama,1995,164
Panama,1996,168
Panama,1997,185
Panama,1998,189
Panama,1999,192
Panama,2000,188
Panama,2001,200
Panama,2002,202
Panama,2003,191
Panama,2004,176
Panama,2005,169
Panama,2006,172
Panama,2007,165
Panama,2008,151
Panama,2009,131
Panama,2010,116
Panama,2011,104
Panama,2012,94
Panama,2013,83
Panama,2014,75
Panama,2015,69
Pakistan,1992,179
Pakistan,1993,183
Pakistan,1994,170
Pakistan,1995,164
Pakistan,1996,156
Pakistan,1997,154
Pakistan,1998,156
Pakistan,1999,158
Pakistan,2000,159
Pakistan,2001,162
Pakistan,2002,172
Pakistan,2003,185
Pakistan,2004,195
Pakistan,2005,194
Pakistan,2006,188
Pakistan,2007,181
Pakistan,2008,175
Pakistan,2009,170
Pakistan,2010,167
Pakistan,2011,166
Pakistan,2012,167
Pakistan,2013,169
Pakistan,2014,170
Pakistan,2015,171
Philippines,1992,184
Philippines,1993,189
Philippines,1994,185
Philippines,1995,182
Philippines,1996,172
Philippines,1997,164
Philippines,1998,158
Philippines,1999,158
Philippines,2000,154
Philippines,2001,147
Philippines,2002,139
Philippines,2003,136
Philippines,2004,132
Philippines,2005,128
Philippines,2006,120
Philippines,2007,111
Philippines,2008,102
Philippines,2009,93
Philippines,2010,87
Philippines,2011,87
Philippines,2012,91
Philippines,2013,95
Philippines,2014,97
Philippines,2015,96
Peru,1992,222
Peru,1993,195
Peru,1994,199
Peru,1995,191
Peru,1996,184
Peru,1997,174
Peru,1998,163
Peru,1999,158
Peru,2000,153
Peru,2001,149
Peru,2002,142
Peru,2003,142
Peru,2004,144
Peru,2005,147
Peru,2006,140
Peru,2007,130
Peru,2008,117
Peru,2009,105
Peru,2010,93
Peru,2011,82
Peru,2012,71
Peru,2013,64
Peru,2014,58
Peru,2015,54
Pre-demographic dividend,1992,199.0863923
Pre-demographic dividend,1993,199.4741596
Pre-demographic dividend,1994,201.0878299
Pre-demographic dividend,1995,201.0216879
Pre-demographic dividend,1996,197.8169247
Pre-demographic dividend,1997,193.6543503
Pre-demographic dividend,1998,190.6433066
Pre-demographic dividend,1999,188.3843129
Pre-demographic dividend,2000,184.464441
Pre-demographic dividend,2001,181.5806003
Pre-demographic dividend,2002,180.0437237
Pre-demographic dividend,2003,179.3794356
Pre-demographic dividend,2004,175.7846472
Pre-demographic dividend,2005,169.9880109
Pre-demographic dividend,2006,162.5294735
Pre-demographic dividend,2007,155.6346872
Pre-demographic dividend,2008,150.0673657
Pre-demographic dividend,2009,146.2223728
Pre-demographic dividend,2010,143.2720282
Pre-demographic dividend,2011,140.0022272
Pre-demographic dividend,2012,134.1712119
Pre-demographic dividend,2013,130.7896588
Pre-demographic dividend,2014,129.0770759
Pre-demographic dividend,2015,128.1846978
Rwanda,1992,426
Rwanda,1993,417
Rwanda,1994,450
Rwanda,1995,476
Rwanda,1996,518
Rwanda,1997,555
Rwanda,1998,572
Rwanda,1999,568
Rwanda,2000,534
Rwanda,2001,483
Rwanda,2002,417
Rwanda,2003,369
Rwanda,2004,345
Rwanda,2005,348
Rwanda,2006,357
Rwanda,2007,357
Rwanda,2008,346
Rwanda,2009,324
Rwanda,2010,301
Rwanda,2011,276
Rwanda,2012,260
Rwanda,2013,251
Rwanda,2014,247
Rwanda,2015,240
Saint Vincent and the Grenadines,1992,145
Saint Vincent and the Grenadines,1993,141
Saint Vincent and the Grenadines,1994,143
Saint Vincent and the Grenadines,1995,143
Saint Vincent and the Grenadines,1996,155
Saint Vincent and the Grenadines,1997,167
Saint Vincent and the Grenadines,1998,175
Saint Vincent and the Grenadines,1999,170
Saint Vincent and the Grenadines,2000,154
Saint Vincent and the Grenadines,2001,137
Saint Vincent and the Grenadines,2002,121
Saint Vincent and the Grenadines,2003,109
Saint Vincent and the Grenadines,2004,94
Saint Vincent and the Grenadines,2005,81
Saint Vincent and the Grenadines,2006,72
Saint Vincent and the Grenadines,2007,66
Saint Vincent and the Grenadines,2008,61
Saint Vincent and the Grenadines,2009,56
Saint Vincent and the Grenadines,2010,53
Saint Vincent and the Grenadines,2011,49
Saint Vincent and the Grenadines,2012,46
Saint Vincent and the Grenadines,2013,45
Saint Vincent and the Grenadines,2014,46
Saint Vincent and the Grenadines,2015,46
Samoa,1992,69
Samoa,1993,78
Samoa,1994,91
Samoa,1995,101
Samoa,1996,100
Samoa,1997,90
Samoa,1998,78
Samoa,1999,67
Samoa,2000,53
Samoa,2001,41
Samoa,2002,32
Samoa,2003,28
Samoa,2004,26
Samoa,2005,25
Samoa,2006,24
Samoa,2007,24
Samoa,2008,24
Samoa,2009,24
Samoa,2010,23
Samoa,2011,23
Samoa,2012,22
Samoa,2013,23
Samoa,2014,23
Samoa,2015,22
Senegal,1992,163
Senegal,1993,170
Senegal,1994,183
Senegal,1995,186
Senegal,1996,196
Senegal,1997,202
Senegal,1998,215
Senegal,1999,219
Senegal,2000,213
Senegal,2001,201
Senegal,2002,191
Senegal,2003,185
Senegal,2004,177
Senegal,2005,165
Senegal,2006,152
Senegal,2007,139
Senegal,2008,123
Senegal,2009,107
Senegal,2010,93
Senegal,2011,86
Senegal,2012,81
Senegal,2013,77
Senegal,2014,71
Senegal,2015,66
Saudi Arabia,1992,18
Saudi Arabia,1993,21
Saudi Arabia,1994,25
Saudi Arabia,1995,28
Saudi Arabia,1996,28
Saudi Arabia,1997,24
Saudi Arabia,1998,19
Saudi Arabia,1999,14
Saudi Arabia,2000,11
Saudi Arabia,2001,9
Saudi Arabia,2002,8
Saudi Arabia,2003,9
Saudi Arabia,2004,12
Saudi Arabia,2005,14
Saudi Arabia,2006,16
Saudi Arabia,2007,17
Saudi Arabia,2008,17
Saudi Arabia,2009,18
Saudi Arabia,2010,18
Saudi Arabia,2011,17
Saudi Arabia,2012,15
Saudi Arabia,2013,13
Saudi Arabia,2014,11
Saudi Arabia,2015,10
Sao Tome and Principe,1992,146
Sao Tome and Principe,1993,150
Sao Tome and Principe,1994,155
Sao Tome and Principe,1995,162
Sao Tome and Principe,1996,170
Sao Tome and Principe,1997,182
Sao Tome and Principe,1998,185
Sao Tome and Principe,1999,183
Sao Tome and Principe,2000,163
Sao Tome and Principe,2001,140
Sao Tome and Principe,2002,113
Sao Tome and Principe,2003,95
Sao Tome and Principe,2004,81
Sao Tome and Principe,2005,71
Sao Tome and Principe,2006,62
Sao Tome and Principe,2007,54
Sao Tome and Principe,2008,48
Sao Tome and Principe,2009,43
Sao Tome and Principe,2010,40
Sao Tome and Principe,2011,37
Sao Tome and Principe,2012,35
Sao Tome and Principe,2013,35
Sao Tome and Principe,2014,37
Sao Tome and Principe,2015,38
Sierra Leone,1992,333
Sierra Leone,1993,323
Sierra Leone,1994,315
Sierra Leone,1995,299
Sierra Leone,1996,281
Sierra Leone,1997,265
Sierra Leone,1998,254
Sierra Leone,1999,255
Sierra Leone,2000,270
Sierra Leone,2001,293
Sierra Leone,2002,312
Sierra Leone,2003,319
Sierra Leone,2004,318
Sierra Leone,2005,316
Sierra Leone,2006,305
Sierra Leone,2007,285
Sierra Leone,2008,260
Sierra Leone,2009,242
Sierra Leone,2010,227
Sierra Leone,2011,212
Sierra Leone,2012,196
Sierra Leone,2013,180
Sierra Leone,2014,169
Sierra Leone,2015,162
Solomon Islands,1992,156
Solomon Islands,1993,149
Solomon Islands,1994,146
Solomon Islands,1995,131
Solomon Islands,1996,114
Solomon Islands,1997,99
Solomon Islands,1998,92
Solomon Islands,1999,90
Solomon Islands,2000,90
Solomon Islands,2001,93
Solomon Islands,2002,93
Solomon Islands,2003,91
Solomon Islands,2004,85
Solomon Islands,2005,80
Solomon Islands,2006,76
Solomon Islands,2007,73
Solomon Islands,2008,70
Solomon Islands,2009,69
Solomon Islands,2010,67
Solomon Islands,2011,67
Solomon Islands,2012,65
Solomon Islands,2013,64
Solomon Islands,2014,65
Solomon Islands,2015,67
Small states,1992,137.2181409
Small states,1993,137.2211148
Small states,1994,138.4192107
Small states,1995,138.7487421
Small states,1996,138.1261652
Small states,1997,137.5415397
Small states,1998,137.9333101
Small states,1999,138.3752773
Small states,2000,135.1525956
Small states,2001,128.4440798
Small states,2002,120.89047
Small states,2003,115.986749
Small states,2004,113.5892137
Small states,2005,111.5298998
Small states,2006,110.1044742
Small states,2007,109.4848564
Small states,2008,110.2279683
Small states,2009,111.2479695
Small states,2010,112.5185523
Small states,2011,112.3860536
Small states,2012,111.2779331
Small states,2013,109.69102
Small states,2014,109.4786615
Small states,2015,108.3220147
South Africa,1992,30
South Africa,1993,31
South Africa,1994,32
South Africa,1995,33
South Africa,1996,34
South Africa,1997,35
South Africa,1998,36
South Africa,1999,36
South Africa,2000,35
South Africa,2001,33
South Africa,2002,30
South Africa,2003,29
South Africa,2004,27
South Africa,2005,27
South Africa,2006,26
South Africa,2007,26
South Africa,2008,27
South Africa,2009,27
South Africa,2010,26
South Africa,2011,24
South Africa,2012,21
South Africa,2013,19
South Africa,2014,16
South Africa,2015,14
South Asia,1992,175.1202226
South Asia,1993,168.3598115
South Asia,1994,170.45792
South Asia,1995,170.2415356
South Asia,1996,167.6454652
South Asia,1997,159.8401131
South Asia,1998,151.3491397
South Asia,1999,142.5828284
South Asia,2000,135.6947535
South Asia,2001,131.6075097
South Asia,2002,134.0318491
South Asia,2003,141.1286014
South Asia,2004,148.7603918
South Asia,2005,153.4193995
South Asia,2006,154.2062039
South Asia,2007,148.2106477
South Asia,2008,138.1452294
South Asia,2009,128.228713
South Asia,2010,122.3776101
South Asia,2011,119.7516902
South Asia,2012,119.0310184
South Asia,2013,118.4994303
South Asia,2014,118.6431037
South Asia,2015,118.6466284
South Asia (IDA & IBRD),1992,175.1202226
South Asia (IDA & IBRD),1993,168.3598115
South Asia (IDA & IBRD),1994,170.45792
South Asia (IDA & IBRD),1995,170.2415356
South Asia (IDA & IBRD),1996,167.6454652
South Asia (IDA & IBRD),1997,159.8401131
South Asia (IDA & IBRD),1998,151.3491397
South Asia (IDA & IBRD),1999,142.5828284
South Asia (IDA & IBRD),2000,135.6947535
South Asia (IDA & IBRD),2001,131.6075097
South Asia (IDA & IBRD),2002,134.0318491
South Asia (IDA & IBRD),2003,141.1286014
South Asia (IDA & IBRD),2004,148.7603918
South Asia (IDA & IBRD),2005,153.4193995
South Asia (IDA & IBRD),2006,154.2062039
South Asia (IDA & IBRD),2007,148.2106477
South Asia (IDA & IBRD),2008,138.1452294
South Asia (IDA & IBRD),2009,128.228713
South Asia (IDA & IBRD),2010,122.3776101
South Asia (IDA & IBRD),2011,119.7516902
South Asia (IDA & IBRD),2012,119.0310184
South Asia (IDA & IBRD),2013,118.4994303
South Asia (IDA & IBRD),2014,118.6431037
South Asia (IDA & IBRD),2015,118.6466284
South Korea,1992,14
South Korea,1993,14
South Korea,1994,13
South Korea,1995,13
South Korea,1996,12
South Korea,1997,11
South Korea,1998,11
South Korea,1999,11
South Korea,2000,12
South Korea,2001,12
South Korea,2002,12
South Korea,2003,13
South Korea,2004,13
South Korea,2005,13
South Korea,2006,13
South Korea,2007,13
South Korea,2008,12
South Korea,2009,12
South Korea,2010,10
South Korea,2011,9
South Korea,2012,7
South Korea,2013,6
South Korea,2014,5
South Korea,2015,4
Sri Lanka,1992,228
Sri Lanka,1993,235
Sri Lanka,1994,243
Sri Lanka,1995,248
Sri Lanka,1996,246
Sri Lanka,1997,252
Sri Lanka,1998,257
Sri Lanka,1999,263
Sri Lanka,2000,265
Sri Lanka,2001,265
Sri Lanka,2002,268
Sri Lanka,2003,268
Sri Lanka,2004,270
Sri Lanka,2005,269
Sri Lanka,2006,266
Sri Lanka,2007,262
Sri Lanka,2008,255
Sri Lanka,2009,247
Sri Lanka,2010,238
Sri Lanka,2011,230
Sri Lanka,2012,224
Sri Lanka,2013,217
Sri Lanka,2014,209
Sri Lanka,2015,200
Sub-Saharan Africa,1992,249.6864945
Sub-Saharan Africa,1993,248.1282969
Sub-Saharan Africa,1994,244.5330844
Sub-Saharan Africa,1995,240.5643928
Sub-Saharan Africa,1996,234.5394536
Sub-Saharan Africa,1997,228.0511334
Sub-Saharan Africa,1998,221.4297818
Sub-Saharan Africa,1999,216.3828781
Sub-Saharan Africa,2000,209.4872698
Sub-Saharan Africa,2001,202.522399
Sub-Saharan Africa,2002,195.9743773
Sub-Saharan Africa,2003,191.1869565
Sub-Saharan Africa,2004,185.9077837
Sub-Saharan Africa,2005,179.7545776
Sub-Saharan Africa,2006,172.3601158
Sub-Saharan Africa,2007,164.7222437
Sub-Saharan Africa,2008,158.8618968
Sub-Saharan Africa,2009,154.4267542
Sub-Saharan Africa,2010,150.4919543
Sub-Saharan Africa,2011,145.8836851
Sub-Saharan Africa,2012,139.560327
Sub-Saharan Africa,2013,135.5355331
Sub-Saharan Africa,2014,132.9690735
Sub-Saharan Africa,2015,131.1255087
Sudan,1992,283
Sudan,1993,260
Sudan,1994,251
Sudan,1995,227
Sudan,1996,212
Sudan,1997,202
Sudan,1998,200
Sudan,1999,200
Sudan,2000,198
Sudan,2001,193
Sudan,2002,185
Sudan,2003,178
Sudan,2004,174
Sudan,2005,174
Sudan,2006,175
Sudan,2007,173
Sudan,2008,169
Sudan,2009,168
Sudan,2010,169
Sudan,2011,176
Sub-Saharan Africa (excluding high income),1992,249.6864945
Sub-Saharan Africa (excluding high income),1993,248.1282969
Sub-Saharan Africa (excluding high income),1994,244.5330844
Sub-Saharan Africa (excluding high income),1995,240.5643928
Sub-Saharan Africa (excluding high income),1996,234.5394536
Sub-Saharan Africa (excluding high income),1997,228.0511334
Sub-Saharan Africa (excluding high income),1998,221.4297818
Sub-Saharan Africa (excluding high income),1999,216.3828781
Sub-Saharan Africa (excluding high income),2000,209.4872698
Sub-Saharan Africa (excluding high income),2001,202.522399
Sub-Saharan Africa (excluding high income),2002,195.9743773
Sub-Saharan Africa (excluding high income),2003,191.1869565
Sub-Saharan Africa (excluding high income),2004,185.9077837
Sub-Saharan Africa (excluding high income),2005,179.7545776
Sub-Saharan Africa (excluding high income),2006,172.3601158
Sub-Saharan Africa (excluding high income),2007,164.7222437
Sub-Saharan Africa (excluding high income),2008,158.8618968
Sub-Saharan Africa (excluding high income),2009,154.4267542
Sub-Saharan Africa (excluding high income),2010,150.4919543
Sub-Saharan Africa (excluding high income),2011,145.8836851
Sub-Saharan Africa (excluding high income),2012,139.560327
Sub-Saharan Africa (excluding high income),2013,135.5355331
Sub-Saharan Africa (excluding high income),2014,132.9690735
Sub-Saharan Africa (excluding high income),2015,131.1255087
Sub-Saharan Africa (IDA & IBRD countries),1992,249.6864945
Sub-Saharan Africa (IDA & IBRD countries),1993,248.1282969
Sub-Saharan Africa (IDA & IBRD countries),1994,244.5330844
Sub-Saharan Africa (IDA & IBRD countries),1995,240.5643928
Sub-Saharan Africa (IDA & IBRD countries),1996,234.5394536
Sub-Saharan Africa (IDA & IBRD countries),1997,228.0511334
Sub-Saharan Africa (IDA & IBRD countries),1998,221.4297818
Sub-Saharan Africa (IDA & IBRD countries),1999,216.3828781
Sub-Saharan Africa (IDA & IBRD countries),2000,209.4872698
Sub-Saharan Africa (IDA & IBRD countries),2001,202.522399
Sub-Saharan Africa (IDA & IBRD countries),2002,195.9743773
Sub-Saharan Africa (IDA & IBRD countries),2003,191.1869565
Sub-Saharan Africa (IDA & IBRD countries),2004,185.9077837
Sub-Saharan Africa (IDA & IBRD countries),2005,179.7545776
Sub-Saharan Africa (IDA & IBRD countries),2006,172.3601158
Sub-Saharan Africa (IDA & IBRD countries),2007,164.7222437
Sub-Saharan Africa (IDA & IBRD countries),2008,158.8618968
Sub-Saharan Africa (IDA & IBRD countries),2009,154.4267542
Sub-Saharan Africa (IDA & IBRD countries),2010,150.4919543
Sub-Saharan Africa (IDA & IBRD countries),2011,145.8836851
Sub-Saharan Africa (IDA & IBRD countries),2012,139.560327
Sub-Saharan Africa (IDA & IBRD countries),2013,135.5355331
Sub-Saharan Africa (IDA & IBRD countries),2014,132.9690735
Sub-Saharan Africa (IDA & IBRD countries),2015,131.1255087
Tajikistan,1992,187
Tajikistan,1993,183
Tajikistan,1994,181
Tajikistan,1995,179
Tajikistan,1996,198
Tajikistan,1997,221
Tajikistan,1998,243
Tajikistan,1999,257
Tajikistan,2000,262
Tajikistan,2001,268
Tajikistan,2002,281
Tajikistan,2003,301
Tajikistan,2004,323
Tajikistan,2005,336
Tajikistan,2006,334
Tajikistan,2007,319
Tajikistan,2008,306
Tajikistan,2009,298
Tajikistan,2010,297
Tajikistan,2011,292
Tajikistan,2012,286
Tajikistan,2013,276
Tajikistan,2014,268
Tajikistan,2015,258
Swaziland,1992,97
Swaziland,1993,102
Swaziland,1994,103
Swaziland,1995,112
Swaziland,1996,122
Swaziland,1997,139
Swaziland,1998,155
Swaziland,1999,166
Swaziland,2000,158
Swaziland,2001,143
Swaziland,2002,126
Swaziland,2003,116
Swaziland,2004,107
Swaziland,2005,103
Swaziland,2006,105
Swaziland,2007,117
Swaziland,2008,132
Swaziland,2009,147
Swaziland,2010,158
Swaziland,2011,165
Swaziland,2012,172
Swaziland,2013,178
Swaziland,2014,186
Swaziland,2015,190
Suriname,1992,107
Suriname,1993,100
Suriname,1994,103
Suriname,1995,100
Suriname,1996,98
Suriname,1997,94
Suriname,1998,91
Suriname,1999,93
Suriname,2000,94
Suriname,2001,98
Suriname,2002,97
Suriname,2003,96
Suriname,2004,92
Suriname,2005,89
Suriname,2006,84
Suriname,2007,79
Suriname,2008,75
Suriname,2009,70
Suriname,2010,65
Suriname,2011,60
Suriname,2012,58
Suriname,2013,58
Suriname,2014,59
Suriname,2015,58
Tanzania,1992,157
Tanzania,1993,161
Tanzania,1994,178
Tanzania,1995,198
Tanzania,1996,219
Tanzania,1997,239
Tanzania,1998,250
Tanzania,1999,258
Tanzania,2000,260
Tanzania,2001,266
Tanzania,2002,270
Tanzania,2003,277
Tanzania,2004,278
Tanzania,2005,280
Tanzania,2006,273
Tanzania,2007,263
Tanzania,2008,254
Tanzania,2009,251
Tanzania,2010,257
Tanzania,2011,259
Tanzania,2012,258
Tanzania,2013,248
Tanzania,2014,241
Tanzania,2015,237
Thailand,1992,280
Thailand,1993,268
Thailand,1994,264
Thailand,1995,248
Thailand,1996,222
Thailand,1997,195
Thailand,1998,168
Thailand,1999,156
Thailand,2000,149
Thailand,2001,149
Thailand,2002,143
Thailand,2003,135
Thailand,2004,124
Thailand,2005,113
Thailand,2006,100
Thailand,2007,87
Thailand,2008,77
Thailand,2009,72
Thailand,2010,69
Thailand,2011,68
Thailand,2012,65
Thailand,2013,63
Thailand,2014,60
Thailand,2015,57
Timor,1992,323
Timor,1993,284
Timor,1994,265
Timor,1995,241
Timor,1996,238
Timor,1997,244
Timor,1998,266
Timor,1999,286
Timor,2000,302
Timor,2001,300
Timor,2002,282
Timor,2003,256
Timor,2004,235
Timor,2005,227
Timor,2006,229
Timor,2007,232
Timor,2008,231
Timor,2009,227
Timor,2010,223
Timor,2011,220
Timor,2012,214
Timor,2013,207
Timor,2014,198
Timor,2015,190
Tunisia,1992,5
Tunisia,1993,6
Tunisia,1994,6
Tunisia,1995,6
Tunisia,1996,6
Tunisia,1997,6
Tunisia,1998,6
Tunisia,1999,5
Tunisia,2000,4
Tunisia,2001,4
Tunisia,2002,5
Tunisia,2003,6
Tunisia,2004,7
Tunisia,2005,7
Tunisia,2006,7
Tunisia,2007,7
Tunisia,2008,7
Tunisia,2009,7
Tunisia,2010,6
Tunisia,2011,6
Tunisia,2012,5
Tunisia,2013,5
Tunisia,2014,4
Tunisia,2015,4
Trinidad and Tobago,1992,88
Trinidad and Tobago,1993,94
Trinidad and Tobago,1994,105
Trinidad and Tobago,1995,113
Trinidad and Tobago,1996,115
Trinidad and Tobago,1997,113
Trinidad and Tobago,1998,109
Trinidad and Tobago,1999,107
Trinidad and Tobago,2000,104
Trinidad and Tobago,2001,98
Trinidad and Tobago,2002,89
Trinidad and Tobago,2003,85
Trinidad and Tobago,2004,86
Trinidad and Tobago,2005,90
Trinidad and Tobago,2006,91
Trinidad and Tobago,2007,89
Trinidad and Tobago,2008,85
Trinidad and Tobago,2009,81
Trinidad and Tobago,2010,79
Trinidad and Tobago,2011,77
Trinidad and Tobago,2012,74
Trinidad and Tobago,2013,69
Trinidad and Tobago,2014,64
Trinidad and Tobago,2015,59
Togo,1992,268
Togo,1993,297
Togo,1994,291
Togo,1995,284
Togo,1996,261
Togo,1997,239
Togo,1998,223
Togo,1999,214
Togo,2000,207
Togo,2001,203
Togo,2002,200
Togo,2003,198
Togo,2004,193
Togo,2005,185
Togo,2006,175
Togo,2007,167
Togo,2008,159
Togo,2009,153
Togo,2010,145
Togo,2011,139
Togo,2012,127
Togo,2013,114
Togo,2014,96
Togo,2015,85
Uganda,1992,150
Uganda,1993,158
Uganda,1994,162
Uganda,1995,166
Uganda,1996,172
Uganda,1997,183
Uganda,1998,196
Uganda,1999,202
Uganda,2000,198
Uganda,2001,195
Uganda,2002,194
Uganda,2003,187
Uganda,2004,171
Uganda,2005,151
Uganda,2006,143
Uganda,2007,145
Uganda,2008,156
Uganda,2009,164
Uganda,2010,168
Uganda,2011,167
Uganda,2012,165
Uganda,2013,166
Uganda,2014,167
Uganda,2015,170
Turkmenistan,1992,57
Turkmenistan,1993,56
Turkmenistan,1994,54
Turkmenistan,1995,53
Turkmenistan,1996,57
Turkmenistan,1997,61
Turkmenistan,1998,65
Turkmenistan,1999,65
Turkmenistan,2000,62
Turkmenistan,2001,58
Turkmenistan,2002,55
Turkmenistan,2003,52
Turkmenistan,2004,47
Turkmenistan,2005,41
Turkmenistan,2006,37
Turkmenistan,2007,34
Turkmenistan,2008,32
Turkmenistan,2009,32
Turkmenistan,2010,32
Turkmenistan,2011,32
Turkmenistan,2012,32
Turkmenistan,2013,30
Turkmenistan,2014,27
Turkmenistan,2015,24
Turkey,1992,3
Turkey,1993,4
Turkey,1994,4
Turkey,1995,4
Turkey,1996,4
Turkey,1997,4
Turkey,1998,5
Turkey,1999,5
Turkey,2000,5
Turkey,2001,6
Turkey,2002,6
Turkey,2003,7
Turkey,2004,8
Turkey,2005,7
Turkey,2006,6
Turkey,2007,4
Turkey,2008,2
Turkey,2009,2
Turkey,2010,2
Turkey,2011,2
Turkey,2012,2
Turkey,2013,1
Turkey,2014,1
Turkey,2015,1
Uruguay,1992,58
Uruguay,1993,42
Uruguay,1994,38
Uruguay,1995,34
Uruguay,1996,33
Uruguay,1997,35
Uruguay,1998,34
Uruguay,1999,33
Uruguay,2000,30
Uruguay,2001,28
Uruguay,2002,26
Uruguay,2003,27
Uruguay,2004,29
Uruguay,2005,29
Uruguay,2006,29
Uruguay,2007,27
Uruguay,2008,25
Uruguay,2009,24
Uruguay,2010,24
Uruguay,2011,23
Uruguay,2012,22
Uruguay,2013,23
Uruguay,2014,25
Uruguay,2015,25
United Arab Emirates,1992,14
United Arab Emirates,1993,13
United Arab Emirates,1994,11
United Arab Emirates,1995,10
United Arab Emirates,1996,9
United Arab Emirates,1997,9
United Arab Emirates,1998,9
United Arab Emirates,1999,9
United Arab Emirates,2000,9
United Arab Emirates,2001,9
United Arab Emirates,2002,10
United Arab Emirates,2003,11
United Arab Emirates,2004,12
United Arab Emirates,2005,14
United Arab Emirates,2006,18
United Arab Emirates,2007,24
United Arab Emirates,2008,29
United Arab Emirates,2009,33
United Arab Emirates,2010,35
United Arab Emirates,2011,34
United Arab Emirates,2012,33
United Arab Emirates,2013,30
United Arab Emirates,2014,26
United Arab Emirates,2015,22
Upper middle income,1992,155.0573626
Upper middle income,1993,157.9510054
Upper middle income,1994,152.3797655
Upper middle income,1995,143.5116468
Upper middle income,1996,132.5425189
Upper middle income,1997,123.6974092
Upper middle income,1998,118.0636604
Upper middle income,1999,114.2894391
Upper middle income,2000,112.13434
Upper middle income,2001,110.3286345
Upper middle income,2002,108.0342125
Upper middle income,2003,106.3653072
Upper middle income,2004,104.6602181
Upper middle income,2005,102.7493276
Upper middle income,2006,100.2758814
Upper middle income,2007,97.31220786
Upper middle income,2008,92.68980717
Upper middle income,2009,88.50921089
Upper middle income,2010,82.68859329
Upper middle income,2011,77.68347032
Upper middle income,2012,72.59210385
Upper middle income,2013,68.22599818
Upper middle income,2014,64.41102697
Upper middle income,2015,60.67106084
Uzbekistan,1992,20
Uzbekistan,1993,21
Uzbekistan,1994,20
Uzbekistan,1995,22
Uzbekistan,1996,24
Uzbekistan,1997,29
Uzbekistan,1998,36
Uzbekistan,1999,45
Uzbekistan,2000,57
Uzbekistan,2001,75
Uzbekistan,2002,95
Uzbekistan,2003,113
Uzbekistan,2004,120
Uzbekistan,2005,114
Uzbekistan,2006,101
Uzbekistan,2007,84
Uzbekistan,2008,71
Uzbekistan,2009,64
Uzbekistan,2010,60
Uzbekistan,2011,58
Uzbekistan,2012,52
Uzbekistan,2013,45
Uzbekistan,2014,37
Uzbekistan,2015,31
Vanuatu,1992,69
Vanuatu,1993,72
Vanuatu,1994,75
Vanuatu,1995,77
Vanuatu,1996,76
Vanuatu,1997,71
Vanuatu,1998,63
Vanuatu,1999,57
Vanuatu,2000,52
Vanuatu,2001,50
Vanuatu,2002,51
Vanuatu,2003,52
Vanuatu,2004,51
Vanuatu,2005,49
Vanuatu,2006,47
Vanuatu,2007,44
Vanuatu,2008,41
Vanuatu,2009,38
Vanuatu,2010,37
Vanuatu,2011,37
Vanuatu,2012,39
Vanuatu,2013,40
Vanuatu,2014,40
Vanuatu,2015,41
Venezuela,1992,91
Venezuela,1993,85
Venezuela,1994,86
Venezuela,1995,91
Venezuela,1996,98
Venezuela,1997,107
Venezuela,1998,116
Venezuela,1999,126
Venezuela,2000,123
Venezuela,2001,112
Venezuela,2002,103
Venezuela,2003,102
Venezuela,2004,103
Venezuela,2005,92
Venezuela,2006,77
Venezuela,2007,59
Venezuela,2008,43
Venezuela,2009,29
Venezuela,2010,19
Venezuela,2011,14
Venezuela,2012,13
Venezuela,2013,12
Venezuela,2014,12
Venezuela,2015,10
Yemen,1992,179
Yemen,1993,178
Yemen,1994,174
Yemen,1995,178
Yemen,1996,186
Yemen,1997,194
Yemen,1998,199
Yemen,1999,199
Yemen,2000,195
Yemen,2001,192
Yemen,2002,191
Yemen,2003,197
Yemen,2004,203
Yemen,2005,207
Yemen,2006,206
Yemen,2007,200
Yemen,2008,191
Yemen,2009,186
Yemen,2010,184
Yemen,2011,183
Yemen,2012,179
Yemen,2013,177
Yemen,2014,177
Yemen,2015,180
Vietnam,1992,368
Vietnam,1993,356
Vietnam,1994,319
Vietnam,1995,285
Vietnam,1996,261
Vietnam,1997,254
Vietnam,1998,254
Vietnam,1999,247
Vietnam,2000,228
Vietnam,2001,206
Vietnam,2002,188
Vietnam,2003,173
Vietnam,2004,160
Vietnam,2005,150
Vietnam,2006,144
Vietnam,2007,141
Vietnam,2008,137
Vietnam,2009,129
Vietnam,2010,119
Vietnam,2011,110
Vietnam,2012,103
Vietnam,2013,99
Vietnam,2014,95
Vietnam,2015,89
World,1992,172.0488077
World,1993,171.000007
World,1994,168.003969
World,1995,162.6867855
World,1996,155.6814416
World,1997,148.4808926
World,1998,142.8671574
World,1999,138.3951784
World,2000,134.6608214
World,2001,131.8155632
World,2002,130.5132542
World,2003,131.1516717
World,2004,131.6659239
World,2005,131.1069984
World,2006,129.008903
World,2007,124.5832411
World,2008,118.3949797
World,2009,112.4203477
World,2010,106.6485869
World,2011,102.0359821
World,2012,97.54230821
World,2013,94.32740322
World,2014,92.25017996
World,2015,90.22322674
Zambia,1992,235
Zambia,1993,243
Zambia,1994,246
Zambia,1995,246
Zambia,1996,239
Zambia,1997,238
Zambia,1998,252
Zambia,1999,276
Zambia,2000,301
Zambia,2001,324
Zambia,2002,350
Zambia,2003,368
Zambia,2004,384
Zambia,2005,391
Zambia,2006,405
Zambia,2007,422
Zambia,2008,444
Zambia,2009,457
Zambia,2010,455
Zambia,2011,442
Zambia,2012,429
Zambia,2013,421
Zambia,2014,415
Zambia,2015,411
Zimbabwe,1992,327
Zimbabwe,1993,344
Zimbabwe,1994,352
Zimbabwe,1995,363
Zimbabwe,1996,367
Zimbabwe,1997,363
Zimbabwe,1998,354
Zimbabwe,1999,348
Zimbabwe,2000,347
Zimbabwe,2001,349
Zimbabwe,2002,348
Zimbabwe,2003,345
Zimbabwe,2004,341
Zimbabwe,2005,338
Zimbabwe,2006,331
Zimbabwe,2007,319
Zimbabwe,2008,303
Zimbabwe,2009,290
Zimbabwe,2010,278
Zimbabwe,2011,267
Zimbabwe,2012,256
Zimbabwe,2013,255
Zimbabwe,2014,259
Zimbabwe,2015,264
